term_id,p_values,significant,term_size,query_sizes,intersection_sizes,source,term_name,effective_domain_size,source_order,parents,highlighted
GO:0051276,9.25435963456635e-46,TRUE,633,37,34,GO:BP,chromosome organization,21010,14294,GO:0006996,TRUE
GO:0007062,3.77220950950534e-43,TRUE,57,37,21,GO:BP,sister chromatid cohesion,21010,2703,GO:0022402|GO:0051276,FALSE
GO:0007064,3.58936282310937e-38,TRUE,30,37,17,GO:BP,mitotic sister chromatid cohesion,21010,2705,GO:0007062,FALSE
GO:0005694,5.77174053572656e-35,TRUE,1942,37,36,GO:CC,chromosome,22090,284,GO:0043232,TRUE
GO:0006259,3.95680967530785e-28,TRUE,1039,37,29,GO:BP,DNA metabolic process,21010,2106,GO:0090304,FALSE
REAC:R-HSA-2468052,1.95405890024593e-27,TRUE,11,29,11,REAC,Establishment of Sister Chromatid Cohesion,10835,825,REAC:R-HSA-69242,FALSE
GO:0098687,4.32897111861401e-27,TRUE,399,37,22,GO:CC,chromosomal region,22090,3252,GO:0005694|GO:0110165,FALSE
GO:0051052,8.08041119634316e-25,TRUE,531,37,23,GO:BP,regulation of DNA metabolic process,21010,14134,GO:0006259|GO:0019219|GO:0060255,FALSE
REAC:R-HSA-2470946,1.1132993471138e-24,TRUE,10,29,10,REAC,Cohesin Loading onto Chromatin,10835,367,REAC:R-HSA-68884,FALSE
WP:WP5117,1.7711296774324e-24,TRUE,34,34,14,WP,Cohesin complex - Cornelia de Lange syndrome,8625,59,WP:000000,FALSE
GO:0106068,3.09233208797999e-24,TRUE,13,37,10,GO:CC,SUMO ligase complex,22090,3400,GO:1990234,TRUE
GO:0030915,8.55519703325297e-24,TRUE,9,37,9,GO:CC,Smc5-Smc6 complex,22090,1004,GO:0000793|GO:0106068,FALSE
REAC:R-HSA-68884,3.16881769633133e-22,TRUE,13,29,10,REAC,Mitotic Telophase/Cytokinesis,10835,1415,REAC:R-HSA-68886,FALSE
GO:0006281,7.91462948503504e-22,TRUE,602,37,22,GO:BP,DNA repair,21010,2125,GO:0006259|GO:0006974,FALSE
GO:0000724,5.22847741771695e-21,TRUE,176,37,16,GO:BP,double-strand break repair via homologous recombination,21010,209,GO:0000725|GO:0006302,FALSE
GO:0000725,7.58358186724078e-21,TRUE,180,37,16,GO:BP,recombinational repair,21010,210,GO:0006281|GO:0006310,FALSE
KEGG:04110,8.72813134256765e-21,TRUE,157,20,15,KEGG,Cell cycle,8161,259,KEGG:00000,FALSE
GO:0006302,1.39748386431716e-20,TRUE,309,37,18,GO:BP,double-strand break repair,21010,2139,GO:0006281,FALSE
GO:0006996,4.01538732497387e-20,TRUE,3562,37,34,GO:BP,organelle organization,21010,2654,GO:0016043,FALSE
GO:0006974,1.11885020247789e-19,TRUE,890,37,23,GO:BP,DNA damage response,21010,2643,GO:0033554,FALSE
GO:0008278,2.9246127616138e-19,TRUE,10,37,8,GO:CC,cohesin complex,22090,503,GO:0005694|GO:0032991,FALSE
GO:0022402,4.28369394888001e-19,TRUE,1273,37,25,GO:BP,cell cycle process,21010,6908,GO:0007049|GO:0009987,FALSE
GO:0000793,6.17871590593638e-19,TRUE,278,37,16,GO:CC,condensed chromosome,22090,96,GO:0005694,FALSE
GO:0007059,2.69078864799987e-18,TRUE,413,37,18,GO:BP,chromosome segregation,21010,2701,GO:0022402,FALSE
GO:0034085,2.97250461943113e-18,TRUE,10,37,8,GO:BP,establishment of sister chromatid cohesion,21010,8780,GO:0007062|GO:0022402,FALSE
GO:0006310,3.21759398088261e-18,TRUE,333,37,17,GO:BP,DNA recombination,21010,2147,GO:0006259,FALSE
GO:0000775,1.20312962701988e-17,TRUE,258,37,15,GO:CC,"chromosome, centromeric region",22090,86,GO:0098687,FALSE
REAC:R-HSA-1640170,3.69024662337564e-17,TRUE,679,29,21,REAC,Cell Cycle,10835,312,REAC:0000000,FALSE
REAC:R-HSA-3108214,4.57521601098069e-17,TRUE,72,29,12,REAC,SUMOylation of DNA damage response and repair proteins,10835,2061,REAC:R-HSA-3108232,FALSE
GO:0007049,9.60884666821896e-17,TRUE,1811,37,26,GO:BP,cell cycle,21010,2692,GO:0009987,FALSE
REAC:R-HSA-69242,3.43398494354169e-16,TRUE,162,29,14,REAC,S Phase,10835,2005,REAC:R-HSA-69278,FALSE
GO:0043232,6.34553976733762e-16,TRUE,6568,37,36,GO:CC,intracellular non-membrane-bounded organelle,22090,1888,GO:0043228|GO:0043229,FALSE
GO:0043228,6.38011131585823e-16,TRUE,6569,37,36,GO:CC,non-membrane-bounded organelle,22090,1884,GO:0043226,FALSE
GO:0000723,8.66056148174561e-16,TRUE,160,37,13,GO:BP,telomere maintenance,21010,208,GO:0006259|GO:0032200,FALSE
GO:0005654,7.77038445593656e-15,TRUE,4221,37,31,GO:CC,nucleoplasm,22090,252,GO:0031981|GO:0110165,FALSE
GO:0032200,9.10193057260659e-15,TRUE,191,37,13,GO:BP,telomere organization,21010,7756,GO:0051276,FALSE
REAC:R-HSA-69278,2.5848157532062e-14,TRUE,549,29,18,REAC,"Cell Cycle, Mitotic",10835,314,REAC:R-HSA-1640170,FALSE
GO:0016925,3.3118297790351e-14,TRUE,68,37,10,GO:BP,protein sumoylation,21010,5354,GO:0018205|GO:0032446,TRUE
WP:WP5402,5.21648446233076e-14,TRUE,64,34,11,WP,10q22q23 copy number variation,8625,94,WP:000000,FALSE
GO:0032991,1.14298285936362e-13,TRUE,8527,37,37,GO:CC,protein-containing complex,22090,1343,GO:0005575,FALSE
GO:0033554,1.89398545279075e-13,TRUE,1925,37,24,GO:BP,cellular response to stress,21010,8667,GO:0006950|GO:0051716,FALSE
GO:0034087,2.19596529186326e-13,TRUE,7,37,6,GO:BP,establishment of mitotic sister chromatid cohesion,21010,8782,GO:0007064|GO:0034085|GO:1903047,FALSE
GO:0033044,3.29351678712418e-13,TRUE,251,37,13,GO:BP,regulation of chromosome organization,21010,8372,GO:0033043|GO:0051276,FALSE
GO:0031981,1.29817943577259e-12,TRUE,5520,37,32,GO:CC,nuclear lumen,22090,1230,GO:0005634|GO:0070013,FALSE
GO:0032993,2.04446510339823e-12,TRUE,1435,37,20,GO:CC,protein-DNA complex,22090,1345,GO:0032991,FALSE
REAC:R-HSA-3108232,2.10939876136438e-12,TRUE,170,29,12,REAC,SUMO E3 ligases SUMOylate target proteins,10835,2056,REAC:R-HSA-2990846,FALSE
REAC:R-HSA-2500257,2.53661437929791e-12,TRUE,123,29,11,REAC,Resolution of Sister Chromatid Cohesion,10835,1978,REAC:R-HSA-68877,FALSE
REAC:R-HSA-2990846,3.21448731638371e-12,TRUE,176,29,12,REAC,SUMOylation,10835,2060,REAC:R-HSA-597592,FALSE
GO:0035861,3.60265989925656e-12,TRUE,86,37,9,GO:CC,site of double-strand break,22090,1654,GO:0090734,FALSE
GO:0098813,5.78952856006369e-12,TRUE,313,37,13,GO:BP,nuclear chromosome segregation,21010,19796,GO:0007059,FALSE
GO:0051301,8.45551476122735e-12,TRUE,660,37,16,GO:BP,cell division,21010,14313,GO:0009987,TRUE
CORUM:5432,1.18997081627274e-11,TRUE,6,21,6,CORUM,Sororin-cohesin complex,3383,1687,CORUM:0000000,FALSE
CORUM:1856,1.18997081627274e-11,TRUE,6,21,6,CORUM,Sororin-cohesin complex,3383,849,CORUM:0000000,FALSE
GO:0000785,1.37451380621738e-11,TRUE,1366,37,19,GO:CC,chromatin,22090,92,GO:0005694|GO:0032993,FALSE
GO:0000070,2.32813911864456e-11,TRUE,187,37,11,GO:BP,mitotic sister chromatid segregation,21010,25,GO:0000819|GO:0140014|GO:1903047,FALSE
GO:0006275,2.60761634511707e-11,TRUE,129,37,10,GO:BP,regulation of DNA replication,21010,2120,GO:0006260|GO:0051052,FALSE
GO:0034088,2.88038462344034e-11,TRUE,12,37,6,GO:BP,maintenance of mitotic sister chromatid cohesion,21010,8783,GO:0007064|GO:0034086,FALSE
GO:0034086,2.88038462344034e-11,TRUE,12,37,6,GO:BP,maintenance of sister chromatid cohesion,21010,8781,GO:0007062|GO:0022402,FALSE
GO:0090734,6.24464383674465e-11,TRUE,117,37,9,GO:CC,site of DNA damage,22090,2894,GO:0005694|GO:0110165,FALSE
GO:0000819,2.17939515705002e-10,TRUE,229,37,11,GO:BP,sister chromatid segregation,21010,243,GO:0051276|GO:0098813,FALSE
GO:0032204,2.44812239598183e-10,TRUE,105,37,9,GO:BP,regulation of telomere maintenance,21010,7760,GO:0000723|GO:0033044|GO:0051052,FALSE
REAC:R-HSA-2467813,2.8706887501865e-10,TRUE,188,29,11,REAC,Separation of Sister Chromatids,10835,2097,REAC:R-HSA-68882,FALSE
GO:0031974,3.74290447368506e-10,TRUE,6656,37,32,GO:CC,membrane-enclosed lumen,22090,1224,GO:0110165,FALSE
GO:0043233,3.74290447368506e-10,TRUE,6656,37,32,GO:CC,organelle lumen,22090,1889,GO:0031974|GO:0043226,FALSE
GO:0070013,3.74290447368506e-10,TRUE,6656,37,32,GO:CC,intracellular organelle lumen,22090,2404,GO:0043229|GO:0043233,FALSE
GO:0007063,3.83362549834222e-10,TRUE,17,37,6,GO:BP,regulation of sister chromatid cohesion,21010,2704,GO:0007062|GO:0010564|GO:0033044,FALSE
GO:0000280,4.17112709586278e-10,TRUE,437,37,13,GO:BP,nuclear division,21010,82,GO:0048285,FALSE
REAC:R-HSA-68877,5.66800470964612e-10,TRUE,200,29,11,REAC,Mitotic Prometaphase,10835,1412,REAC:R-HSA-68886,FALSE
GO:0045876,1.15022500664901e-09,TRUE,8,37,5,GO:BP,positive regulation of sister chromatid cohesion,21010,12299,GO:0007062|GO:0007063|GO:0090068|GO:2001252,FALSE
GO:0048285,1.56287044435785e-09,TRUE,485,37,13,GO:BP,organelle fission,21010,13277,GO:0006996,FALSE
GO:0140014,1.81624659808514e-09,TRUE,278,37,11,GO:BP,mitotic nuclear division,21010,20553,GO:0000280|GO:1903047,FALSE
GO:0000781,1.87471112566595e-09,TRUE,170,37,9,GO:CC,"chromosome, telomeric region",22090,89,GO:0098687,FALSE
GO:0006260,2.04126141529572e-09,TRUE,281,37,11,GO:BP,DNA replication,21010,2107,GO:0006259,FALSE
REAC:R-HSA-68882,2.37528934678459e-09,TRUE,228,29,11,REAC,Mitotic Anaphase,10835,1407,REAC:R-HSA-2555396,FALSE
REAC:R-HSA-2555396,2.49127759553829e-09,TRUE,229,29,11,REAC,Mitotic Metaphase and Anaphase,10835,1410,REAC:R-HSA-68886,FALSE
REAC:R-HSA-68886,3.38004574687523e-09,TRUE,408,29,13,REAC,M Phase,10835,1286,REAC:R-HSA-69278,FALSE
WP:WP5407,4.74505874421542e-09,TRUE,57,34,8,WP,15q11q13 copy number variation,8625,803,WP:000000,FALSE
GO:0051054,4.79589414272137e-09,TRUE,304,37,11,GO:BP,positive regulation of DNA metabolic process,21010,14136,GO:0006259|GO:0010604|GO:0045935|GO:0051052,FALSE
GO:0018205,5.52546299380257e-09,TRUE,308,37,11,GO:BP,peptidyl-lysine modification,21010,5525,GO:0018193,FALSE
GO:0097431,9.0741163368208e-09,TRUE,38,37,6,GO:CC,mitotic spindle pole,22090,3004,GO:0000922|GO:0072686,FALSE
GO:0034089,1.31243957966423e-08,TRUE,4,37,4,GO:BP,establishment of meiotic sister chromatid cohesion,21010,8784,GO:0034085|GO:0051177,FALSE
GO:0030893,2.3611644488311e-08,TRUE,6,37,4,GO:CC,meiotic cohesin complex,22090,995,GO:0008278,FALSE
GO:0016043,2.47209455762446e-08,TRUE,8098,37,34,GO:BP,cellular component organization,21010,5163,GO:0071840,FALSE
GO:0019219,3.29571283099368e-08,TRUE,4038,37,26,GO:BP,regulation of nucleobase-containing compound metabolic process,21010,5852,GO:0006139|GO:0031323|GO:0051171|GO:0080090,FALSE
GO:0051177,4.08083040193571e-08,TRUE,14,37,5,GO:BP,meiotic sister chromatid cohesion,21010,14234,GO:0007062,FALSE
GO:0034502,4.84799554394768e-08,TRUE,120,37,8,GO:BP,protein localization to chromosome,21010,9069,GO:0033365,FALSE
GO:0005634,5.32295766784293e-08,TRUE,10063,37,35,GO:CC,nucleus,22090,243,GO:0043231,FALSE
GO:0071840,5.6649537873057e-08,TRUE,8309,37,34,GO:BP,cellular component organization or biogenesis,21010,17759,GO:0009987,FALSE
GO:0034093,6.5539506344672e-08,TRUE,5,37,4,GO:BP,positive regulation of maintenance of sister chromatid cohesion,21010,8788,GO:0034086|GO:0034091|GO:0045876,FALSE
GO:0034184,6.5539506344672e-08,TRUE,5,37,4,GO:BP,positive regulation of maintenance of mitotic sister chromatid cohesion,21010,8876,GO:0034088|GO:0034093|GO:0034182,FALSE
GO:0031390,1.09924419030534e-07,TRUE,8,37,4,GO:CC,Ctf18 RFC-like complex,22090,1106,GO:0005694|GO:0140513,FALSE
GO:0140097,2.12138172810139e-07,TRUE,247,37,9,GO:MF,"catalytic activity, acting on DNA",20139,10507,GO:0140640,TRUE
WP:WP4240,2.79372915652211e-07,TRUE,15,34,5,WP,Regulation of sister chromatid separation at the metaphase-anaphase transition,8625,500,WP:000000,FALSE
GO:1903047,4.02271921736555e-07,TRUE,757,37,13,GO:BP,mitotic cell cycle process,21010,23651,GO:0000278|GO:0022402,FALSE
HP:0007665,4.54441236564424e-07,TRUE,15,15,5,HP,Curly eyelashes,4962,4902,HP:0000499,FALSE
CORUM:7578,4.99361715782755e-07,TRUE,4,21,4,CORUM,Shieldin complex,3383,2905,CORUM:0000000,FALSE
CORUM:64,4.99361715782755e-07,TRUE,4,21,4,CORUM,Cohesin-SA2 complex,3383,32,CORUM:0000000,FALSE
CORUM:63,4.99361715782755e-07,TRUE,4,21,4,CORUM,Cohesin-SA1 complex,3383,31,CORUM:0000000,FALSE
CORUM:163,4.99361715782755e-07,TRUE,4,21,4,CORUM,Cohesin-SA2 complex,3383,83,CORUM:0000000,FALSE
CORUM:164,4.99361715782755e-07,TRUE,4,21,4,CORUM,Cohesin-SA1 complex,3383,84,CORUM:0000000,FALSE
CORUM:165,4.99361715782755e-07,TRUE,4,21,4,CORUM,Cohesin-SA1 complex,3383,85,CORUM:0000000,FALSE
CORUM:166,4.99361715782755e-07,TRUE,4,21,4,CORUM,Cohesin-SA2 complex,3383,86,CORUM:0000000,FALSE
GO:0003689,5.11256214257091e-07,TRUE,9,37,4,GO:MF,DNA clamp loader activity,20139,331,GO:0008094,FALSE
GO:0090068,6.90594714461822e-07,TRUE,253,37,9,GO:BP,positive regulation of cell cycle process,21010,18847,GO:0010564|GO:0022402|GO:0045787,FALSE
GO:0034091,9.14098025578992e-07,TRUE,8,37,4,GO:BP,regulation of maintenance of sister chromatid cohesion,21010,8786,GO:0007063|GO:0034086,FALSE
GO:0034182,9.14098025578992e-07,TRUE,8,37,4,GO:BP,regulation of maintenance of mitotic sister chromatid cohesion,21010,8874,GO:0034088|GO:0034091,FALSE
GO:0006950,1.2685662009082e-06,TRUE,3909,37,24,GO:BP,response to stress,21010,2624,GO:0050896,FALSE
GO:0045830,1.96800066072976e-06,TRUE,28,37,5,GO:BP,positive regulation of isotype switching,21010,12263,GO:0002639|GO:0002891|GO:0045190|GO:0045191|GO:0045911|GO:0050871|GO:0051094,TRUE
REAC:R-HSA-174411,2.05576550711592e-06,TRUE,26,29,5,REAC,Polymerase switching on the C-strand of the telomere,10835,1689,REAC:R-HSA-174417,FALSE
GO:0061775,2.41886292377407e-06,TRUE,3,37,3,GO:MF,cohesin loader activity,20139,8546,GO:0140097,FALSE
GO:1990234,3.01618417682059e-06,TRUE,892,37,12,GO:CC,transferase complex,22090,3832,GO:1902494,FALSE
GO:0000922,3.07604138154473e-06,TRUE,172,37,7,GO:CC,spindle pole,22090,121,GO:0005819|GO:0110165,FALSE
GO:0000278,3.68975410387991e-06,TRUE,908,37,13,GO:BP,mitotic cell cycle,21010,80,GO:0007049,FALSE
GO:0072686,4.90164430737728e-06,TRUE,184,37,7,GO:CC,mitotic spindle,22090,2825,GO:0005819,FALSE
GO:0005819,6.8496616525869e-06,TRUE,431,37,9,GO:CC,spindle,22090,371,GO:0015630|GO:0043232,FALSE
HP:0010880,7.43888372654295e-06,TRUE,54,15,6,HP,Increased nuchal translucency,4962,7306,HP:0000969|HP:0025667,FALSE
REAC:R-HSA-174417,8.56836700748976e-06,TRUE,34,29,5,REAC,Telomere C-strand (Lagging Strand) Synthesis,10835,2369,REAC:R-HSA-180786,FALSE
GO:1900262,9.27833812781204e-06,TRUE,13,37,4,GO:BP,regulation of DNA-directed DNA polymerase activity,21010,21340,GO:0051338|GO:0090329|GO:2000278,FALSE
GO:1900264,9.27833812781204e-06,TRUE,13,37,4,GO:BP,positive regulation of DNA-directed DNA polymerase activity,21010,21342,GO:0051347|GO:1900262|GO:2000573,FALSE
GO:0036033,9.66319881377795e-06,TRUE,4,37,3,GO:MF,mediator complex binding,20139,5417,GO:0044877,TRUE
GO:0045191,9.92420978331667e-06,TRUE,38,37,5,GO:BP,regulation of isotype switching,21010,11924,GO:0000018|GO:0002637|GO:0002889|GO:0045190|GO:0050864,FALSE
CORUM:282,1.05063472290858e-05,TRUE,16,21,5,CORUM,SNF2h-cohesin-NuRD complex,3383,164,CORUM:0000000,FALSE
GO:0045787,1.07357750555785e-05,TRUE,346,37,9,GO:BP,positive regulation of cell cycle,21010,12234,GO:0007049|GO:0048522|GO:0051726,FALSE
GO:2000781,1.33447821202865e-05,TRUE,86,37,6,GO:BP,positive regulation of double-strand break repair,21010,27129,GO:0006302|GO:0045739|GO:2000779,FALSE
REAC:R-HSA-1221632,1.4995992509868e-05,TRUE,77,29,6,REAC,Meiotic synapsis,10835,1344,REAC:R-HSA-1500620,FALSE
GO:0002714,1.67338301012501e-05,TRUE,42,37,5,GO:BP,positive regulation of B cell mediated immunity,21010,1246,GO:0002708|GO:0002712|GO:0002824|GO:0019724,FALSE
GO:0002891,1.67338301012501e-05,TRUE,42,37,5,GO:BP,positive regulation of immunoglobulin mediated immune response,21010,1415,GO:0002714|GO:0002889|GO:0016064,FALSE
CORUM:2804,1.72674566004306e-05,TRUE,7,21,4,CORUM,CTF18-cohesion-RFC complex,3383,1207,CORUM:0000000,FALSE
GO:2001034,1.76687010813273e-05,TRUE,15,37,4,GO:BP,positive regulation of double-strand break repair via nonhomologous end joining,21010,27373,GO:0006303|GO:2000781|GO:2001032,FALSE
GO:0140657,2.22390942475037e-05,TRUE,569,37,10,GO:MF,ATP-dependent activity,20139,10657,GO:0003674,FALSE
GO:0043687,2.27517927166656e-05,TRUE,1276,37,14,GO:BP,post-translational protein modification,21010,11358,GO:0036211,FALSE
GO:0090304,2.97705131220741e-05,TRUE,7482,37,30,GO:BP,nucleic acid metabolic process,21010,19056,GO:0006139|GO:0043170,FALSE
CORUM:3070,3.43958825753154e-05,TRUE,8,21,4,CORUM,CTF18-cohesion-RFC-POLH complex,3383,1375,CORUM:0000000,FALSE
GO:0017116,3.52761088811801e-05,TRUE,23,37,4,GO:MF,single-stranded DNA helicase activity,20139,3165,GO:0003678,FALSE
GO:0008094,3.68905940569243e-05,TRUE,122,37,6,GO:MF,"ATP-dependent activity, acting on DNA",20139,1549,GO:0140097|GO:0140657,FALSE
GO:0010564,4.3990544713332e-05,TRUE,721,37,11,GO:BP,regulation of cell cycle process,21010,4288,GO:0022402|GO:0051726,FALSE
WP:WP179,4.55701930927441e-05,TRUE,120,34,7,WP,Cell cycle,8625,225,WP:000000,FALSE
HP:0010300,4.88098291262342e-05,TRUE,13,15,4,HP,Abnormally low-pitched voice,4962,6760,HP:5200005,FALSE
GO:0002639,5.56672377485946e-05,TRUE,53,37,5,GO:BP,positive regulation of immunoglobulin production,21010,1174,GO:0002377|GO:0002637|GO:0002702,FALSE
GO:0051171,5.76469515169762e-05,TRUE,5587,37,26,GO:BP,regulation of nitrogen compound metabolic process,21010,14228,GO:0006807|GO:0019222,FALSE
GO:0000794,5.86126562690815e-05,TRUE,82,37,5,GO:CC,condensed nuclear chromosome,22090,97,GO:0000228|GO:0000793,FALSE
GO:0002208,6.126966946017e-05,TRUE,54,37,5,GO:BP,somatic diversification of immunoglobulins involved in immune response,21010,760,GO:0002381|GO:0016445,FALSE
GO:0002204,6.126966946017e-05,TRUE,54,37,5,GO:BP,somatic recombination of immunoglobulin genes involved in immune response,21010,756,GO:0002208|GO:0016447,FALSE
GO:0045190,6.126966946017e-05,TRUE,54,37,5,GO:BP,isotype switching,21010,11923,GO:0002204|GO:0002312,FALSE
GO:2001252,6.2263086615989e-05,TRUE,111,37,6,GO:BP,positive regulation of chromosome organization,21010,27538,GO:0010638|GO:0033044|GO:0051276,FALSE
GO:0033043,6.66494374477832e-05,TRUE,1157,37,13,GO:BP,regulation of organelle organization,21010,8371,GO:0006996|GO:0051128,FALSE
REAC:R-HSA-180786,7.00951005649029e-05,TRUE,51,29,5,REAC,Extension of Telomeres,10835,846,REAC:R-HSA-157579,FALSE
HP:0002974,7.69763428307538e-05,TRUE,79,15,6,HP,Radioulnar synostosis,4962,2153,HP:0002818|HP:0040071|HP:0100238,FALSE
HP:0012165,8.36714544874759e-05,TRUE,39,15,5,HP,Oligodactyly,4962,8560,HP:0011297,FALSE
HP:0009623,9.54630806362417e-05,TRUE,40,15,5,HP,Proximal placement of thumb,4962,6133,HP:0009603,FALSE
GO:0002381,9.63782105972242e-05,TRUE,59,37,5,GO:BP,immunoglobulin production involved in immunoglobulin-mediated immune response,21010,922,GO:0002377|GO:0016064,FALSE
GO:2000042,0.000113472884919435,TRUE,23,37,4,GO:BP,negative regulation of double-strand break repair via homologous recombination,21010,26462,GO:0000724|GO:0010569|GO:0045910|GO:2000780,FALSE
GO:0080090,0.000116156636638103,TRUE,5766,37,26,GO:BP,regulation of primary metabolic process,21010,18641,GO:0019222|GO:0044238,FALSE
HP:0000667,0.000123582195398294,TRUE,16,15,4,HP,Phthisis bulbi,4962,521,HP:0012372,FALSE
GO:0016447,0.000124099655248835,TRUE,62,37,5,GO:BP,somatic recombination of immunoglobulin gene segments,21010,5315,GO:0002562|GO:0016445,FALSE
GO:0016887,0.000126189786296675,TRUE,371,37,8,GO:MF,ATP hydrolysis activity,20139,3072,GO:0017111|GO:0140657,TRUE
HP:0000347,0.000131029832434047,TRUE,816,15,12,HP,Micrognathia,4962,276,HP:0009118,FALSE
GO:0002712,0.000134626730256106,TRUE,63,37,5,GO:BP,regulation of B cell mediated immunity,21010,1244,GO:0002706|GO:0002822|GO:0019724,FALSE
GO:0002889,0.000134626730256106,TRUE,63,37,5,GO:BP,regulation of immunoglobulin mediated immune response,21010,1413,GO:0002712|GO:0016064,FALSE
HP:0009118,0.000134785811378555,TRUE,818,15,12,HP,Aplasia/Hypoplasia of the mandible,4962,5669,HP:0000277|HP:0009116,FALSE
GO:0051983,0.000152886265762053,TRUE,129,37,6,GO:BP,regulation of chromosome segregation,21010,14745,GO:0007059|GO:0010564,FALSE
HP:0009116,0.000152927478773158,TRUE,827,15,12,HP,Aplasia/Hypoplasia involving bones of the skull,4962,5667,HP:0000929|HP:0009122,FALSE
HP:0002580,0.000161320324935351,TRUE,17,15,4,HP,Volvulus,4962,1865,HP:0002242,FALSE
GO:0006139,0.000166476292219773,TRUE,7990,37,30,GO:BP,nucleobase-containing compound metabolic process,21010,2013,GO:0006725|GO:0034641|GO:0044238|GO:0046483|GO:1901360,FALSE
GO:0045739,0.000167552111202484,TRUE,131,37,6,GO:BP,positive regulation of DNA repair,21010,12194,GO:0006281|GO:0006282|GO:0048584|GO:0051054,FALSE
REAC:R-HSA-1500620,0.000183861475413941,TRUE,117,29,6,REAC,Meiosis,10835,1342,REAC:R-HSA-1474165|REAC:R-HSA-1640170,FALSE
GO:0016445,0.000184039577840622,TRUE,67,37,5,GO:BP,somatic diversification of immunoglobulins,21010,5313,GO:0002200|GO:0002377,FALSE
HP:0040071,0.000193619868233682,TRUE,158,15,7,HP,Abnormal morphology of ulna,4962,15064,HP:0011314|HP:0040072,FALSE
GO:2000779,0.00020037196946289,TRUE,135,37,6,GO:BP,regulation of double-strand break repair,21010,27127,GO:0006282|GO:0006302,FALSE
GO:2001032,0.000223767290596358,TRUE,27,37,4,GO:BP,regulation of double-strand break repair via nonhomologous end joining,21010,27371,GO:0006303|GO:2000779,FALSE
GO:0045911,0.000229761816808068,TRUE,70,37,5,GO:BP,positive regulation of DNA recombination,21010,12322,GO:0000018|GO:0006310|GO:0051054,FALSE
GO:0016444,0.000246854143231943,TRUE,71,37,5,GO:BP,somatic cell DNA recombination,21010,5312,GO:0006310,FALSE
GO:0002562,0.000246854143231943,TRUE,71,37,5,GO:BP,somatic diversification of immune receptors via germline recombination within a single locus,21010,1097,GO:0002200|GO:0016444,FALSE
HP:0009603,0.000272470855761163,TRUE,49,15,5,HP,Deviation of the thumb,4962,6120,HP:0001172|HP:0004097,FALSE
GO:0018193,0.00028091524363161,TRUE,1077,37,12,GO:BP,peptidyl-amino acid modification,21010,5514,GO:0036211,FALSE
GO:1990414,0.000282437663175599,TRUE,7,37,3,GO:BP,replication-born double-strand break repair via sister chromatid exchange,21010,26211,GO:0000724,FALSE
GO:0046483,0.000287392833954219,TRUE,8160,37,30,GO:BP,heterocycle metabolic process,21010,12812,GO:0044237,FALSE
HP:0000818,0.00028830668697955,TRUE,1405,15,14,HP,Abnormality of the endocrine system,4962,636,HP:0000118,FALSE
GO:0032446,0.000302656235234108,TRUE,872,37,11,GO:BP,protein modification by small protein conjugation,21010,7932,GO:0070647,FALSE
GO:0051053,0.000318878894057807,TRUE,146,37,6,GO:BP,negative regulation of DNA metabolic process,21010,14135,GO:0006259|GO:0010605|GO:0045934|GO:0051052,FALSE
HP:0004209,0.000319715897836292,TRUE,376,15,9,HP,Clinodactyly of the 5th finger,4962,2923,HP:0009179|HP:0040019,FALSE
HP:0009179,0.000327153941610003,TRUE,377,15,9,HP,Deviation of the 5th finger,4962,5721,HP:0004097|HP:0004207,FALSE
GO:0006725,0.000338665689000236,TRUE,8212,37,30,GO:BP,cellular aromatic compound metabolic process,21010,2468,GO:0044237,FALSE
GO:0002637,0.00034805981374356,TRUE,76,37,5,GO:BP,regulation of immunoglobulin production,21010,1172,GO:0002377|GO:0002700,FALSE
GO:0043247,0.000348105855607548,TRUE,30,37,4,GO:BP,telomere maintenance in response to DNA damage,21010,11092,GO:0000723|GO:0006974,FALSE
GO:0003682,0.000352897004730685,TRUE,585,37,9,GO:MF,chromatin binding,20139,328,GO:0044877,TRUE
GO:0002200,0.000371757938714068,TRUE,77,37,5,GO:BP,somatic diversification of immune receptors,21010,752,GO:0002376|GO:0002520,FALSE
CORUM:6303,0.000373578048040589,TRUE,4,21,3,CORUM,DDX11-RAD21-SMC1A-SMC3 complex,3383,2043,CORUM:0000000,FALSE
HP:0030084,0.000395738499997907,TRUE,527,15,10,HP,Clinodactyly,4962,10218,HP:0011297,FALSE
HP:0000413,0.000407277603840309,TRUE,53,15,5,HP,Atresia of the external auditory canal,4962,319,HP:0000372,FALSE
HP:0025667,0.000478858560762208,TRUE,107,15,6,HP,Fetal neck anomaly,4962,10073,HP:0025668|HP:0034058,FALSE
GO:0016363,0.000537590350809917,TRUE,128,37,5,GO:CC,nuclear matrix,22090,738,GO:0034399|GO:0110165,FALSE
GO:0000228,0.000554658937271422,TRUE,234,37,6,GO:CC,nuclear chromosome,22090,37,GO:0005694|GO:0031981,FALSE
GO:0000800,0.000565456586688748,TRUE,16,37,3,GO:CC,lateral element,22090,100,GO:0000795|GO:0110165,FALSE
GO:0006261,0.00056814492889657,TRUE,161,37,6,GO:BP,DNA-templated DNA replication,21010,2108,GO:0006260,FALSE
HP:0009122,0.000589269866703524,TRUE,930,15,12,HP,Aplasia/hypoplasia affecting bones of the axial skeleton,4962,5673,HP:0009115|HP:0009121,FALSE
REAC:R-HSA-1474165,0.000598593016345485,TRUE,143,29,6,REAC,Reproduction,10835,1963,REAC:0000000,FALSE
GO:0050871,0.00061094246294856,TRUE,85,37,5,GO:BP,positive regulation of B cell activation,21010,13984,GO:0042113|GO:0050864|GO:0051251,FALSE
GO:0090694,0.000646874457332974,TRUE,2,37,2,GO:CC,Scc2-Scc4 cohesin loading complex,22090,2884,GO:0032116,TRUE
GO:0032116,0.000646874457332974,TRUE,2,37,2,GO:CC,SMC loading complex,22090,1249,GO:0140513,FALSE
HP:0040019,0.00064729034687551,TRUE,408,15,9,HP,Finger clinodactyly,4962,15026,HP:0004097|HP:0030084,FALSE
GO:2000780,0.000660923771044332,TRUE,35,37,4,GO:BP,negative regulation of double-strand break repair,21010,27128,GO:0006302|GO:0045738|GO:2000779,FALSE
GO:1901360,0.000708347556720818,TRUE,8451,37,30,GO:BP,organic cyclic compound metabolic process,21010,22264,GO:0071704,FALSE
GO:0140640,0.000714281046944564,TRUE,637,37,9,GO:MF,"catalytic activity, acting on a nucleic acid",20139,10654,GO:0003824,FALSE
GO:0002312,0.000769178120109261,TRUE,89,37,5,GO:BP,B cell activation involved in immune response,21010,858,GO:0002285|GO:0042113,FALSE
KEGG:04114,0.000769826975470213,TRUE,129,20,5,KEGG,Oocyte meiosis,8161,263,KEGG:00000,FALSE
GO:1902494,0.000778796667948903,TRUE,1781,37,13,GO:CC,catalytic complex,22090,3631,GO:0032991,FALSE
GO:0051321,0.000817085999856602,TRUE,280,37,7,GO:BP,meiotic cell cycle,21010,14329,GO:0007049|GO:0019953|GO:0022414,FALSE
GO:0045738,0.000831571917909892,TRUE,37,37,4,GO:BP,negative regulation of DNA repair,21010,12193,GO:0006281|GO:0006282|GO:0048585|GO:0051053,FALSE
HP:0007598,0.000832966741730143,TRUE,61,15,5,HP,Bilateral single transverse palmar creases,4962,4864,HP:0000954,FALSE
HP:0010034,0.000845319645935488,TRUE,25,15,4,HP,Short 1st metacarpal,4962,6503,HP:0009660|HP:0010026|HP:0010049,FALSE
CORUM:2797,0.000930214981188417,TRUE,5,21,3,CORUM,PCNA-CHL12-RFC2-5 complex,3383,1201,CORUM:0000000,FALSE
CORUM:2202,0.000930214981188417,TRUE,5,21,3,CORUM,CHTF18-RFC2-5 complex,3383,939,CORUM:0000000,FALSE
CORUM:2199,0.000930214981188417,TRUE,5,21,3,CORUM,CHTF18-RFC2-5 complex,3383,936,CORUM:0000000,FALSE
HP:0000954,0.00108029935815102,TRUE,203,15,7,HP,Single transverse palmar crease,4962,745,HP:0010490,FALSE
HP:0007477,0.00110526599285258,TRUE,307,15,8,HP,Abnormal dermatoglyphics,4962,4789,HP:0011356,FALSE
GO:0034641,0.00119220547918506,TRUE,8625,37,30,GO:BP,cellular nitrogen compound metabolic process,21010,9105,GO:0006807|GO:0044237,FALSE
HP:0100238,0.0012079511963606,TRUE,125,15,6,HP,Synostosis involving bones of the upper limbs,4962,15756,HP:0009810|HP:0100240,FALSE
GO:0034399,0.00120919188107901,TRUE,151,37,5,GO:CC,nuclear periphery,22090,1481,GO:0031981|GO:0110165,FALSE
WP:WP5118,0.00123484026467903,TRUE,11,34,3,WP,SMC1/SMC3 role in DNA damage - Cornelia de Lange Syndrome,8625,420,WP:000000,FALSE
GO:0070647,0.00142629776572953,TRUE,1019,37,11,GO:BP,protein modification by small protein conjugation or removal,21010,17034,GO:0043687,FALSE
GO:0043229,0.00143118655962263,TRUE,15969,37,37,GO:CC,intracellular organelle,22090,1885,GO:0005622|GO:0043226,FALSE
HP:0002818,0.00145100026587428,TRUE,212,15,7,HP,Abnormal morphology of the radius,4962,2037,HP:0040072,FALSE
GO:0003678,0.00161436366208808,TRUE,58,37,4,GO:MF,DNA helicase activity,20139,325,GO:0004386|GO:0008094,FALSE
HP:0000008,0.00164917812001158,TRUE,455,15,9,HP,Abnormal morphology of female internal genitalia,4962,7,HP:0000812|HP:0010460,FALSE
HP:0000965,0.00179233226086887,TRUE,71,15,5,HP,Cutis marmorata,4962,754,HP:0011276,FALSE
GO:0002377,0.00183781258625745,TRUE,106,37,5,GO:BP,immunoglobulin production,21010,921,GO:0002440,FALSE
GO:0002520,0.00202416204864644,TRUE,200,37,6,GO:BP,immune system development,21010,1056,GO:0002376|GO:0048731,FALSE
REAC:R-HSA-69109,0.00209267375138318,TRUE,14,29,3,REAC,Leading Strand Synthesis,10835,1254,REAC:R-HSA-69190,FALSE
REAC:R-HSA-69091,0.00209267375138318,TRUE,14,29,3,REAC,Polymerase switching,10835,1688,REAC:R-HSA-69109|REAC:R-HSA-69186,FALSE
HP:0010026,0.00237321648647642,TRUE,32,15,4,HP,Aplasia/Hypoplasia of the 1st metacarpal,4962,6496,HP:0005914|HP:0009658|HP:0010009,FALSE
HP:0000277,0.00255946441906076,TRUE,1058,15,12,HP,Abnormal mandible morphology,4962,230,HP:0030791,FALSE
HP:0040072,0.00259502801074266,TRUE,231,15,7,HP,Abnormal forearm bone morphology,4962,15065,HP:0002973|HP:0040070,FALSE
GO:0045910,0.0026277925280844,TRUE,49,37,4,GO:BP,negative regulation of DNA recombination,21010,12321,GO:0000018|GO:0006310|GO:0051053,FALSE
HP:0009660,0.00269575090239264,TRUE,33,15,4,HP,Short phalanx of the thumb,4962,6165,HP:0009658|HP:0009778,FALSE
HP:0001770,0.00275056930693431,TRUE,233,15,7,HP,Toe syndactyly,4962,1285,HP:0001159|HP:0001780,FALSE
HP:0002973,0.00283123707702418,TRUE,234,15,7,HP,Abnormal forearm morphology,4962,2152,HP:0002817,FALSE
GO:0000722,0.00291249070593574,TRUE,14,37,3,GO:BP,telomere maintenance via recombination,21010,207,GO:0000723|GO:0006312,FALSE
GO:0090329,0.003091604340497,TRUE,51,37,4,GO:BP,regulation of DNA-templated DNA replication,21010,19081,GO:0006261|GO:0006275,FALSE
HP:0001629,0.00310029667569271,TRUE,490,15,9,HP,Ventricular septal defect,4962,1183,HP:0010438,FALSE
HP:0004207,0.00310029667569271,TRUE,490,15,9,HP,Abnormal 5th finger morphology,4962,2922,HP:0001167,FALSE
HP:0000130,0.00317413080561466,TRUE,238,15,7,HP,Abnormality of the uterus,4962,112,HP:0000008,FALSE
REAC:R-HSA-110312,0.00320792312596808,TRUE,16,29,3,REAC,Translesion synthesis by REV1,10835,2457,REAC:R-HSA-110313,FALSE
GO:0006282,0.00325123410197749,TRUE,217,37,6,GO:BP,regulation of DNA repair,21010,2126,GO:0006281|GO:0051052|GO:0080135,FALSE
HP:0004097,0.00326518676252095,TRUE,493,15,9,HP,Deviation of finger,4962,2910,HP:0001167|HP:0009484,FALSE
GO:0031323,0.00327592528994297,TRUE,6726,37,26,GO:BP,regulation of cellular metabolic process,21010,7461,GO:0019222|GO:0044237|GO:0050794,FALSE
GO:0051726,0.00335582536850672,TRUE,1112,37,11,GO:BP,regulation of cell cycle,21010,14607,GO:0007049|GO:0050794,FALSE
GO:0002824,0.00339517701718467,TRUE,120,37,5,GO:BP,positive regulation of adaptive immune response based on somatic recombination of immune receptors built from immunoglobulin superfamily domains,21010,1348,GO:0002460|GO:0002821|GO:0002822,FALSE
TF:M00940_1,0.00353384580967514,TRUE,2695,37,17,TF,Factor: E2F-1; motif: NTTTCGCGCS; match class: 1,20011,1459,TF:M00940,FALSE
REAC:R-HSA-157579,0.00357547906894678,TRUE,112,29,5,REAC,Telomere Maintenance,10835,2372,REAC:R-HSA-73886,FALSE
HP:0010438,0.00374284712986461,TRUE,501,15,9,HP,Abnormal ventricular septum morphology,4962,6897,HP:0001671|HP:0001713,FALSE
GO:0060255,0.00378441062784568,TRUE,6772,37,26,GO:BP,regulation of macromolecule metabolic process,21010,15204,GO:0019222|GO:0043170,FALSE
GO:0002708,0.00383469702956655,TRUE,123,37,5,GO:BP,positive regulation of lymphocyte mediated immunity,21010,1240,GO:0002449|GO:0002705|GO:0002706,FALSE
GO:0035061,0.00387305133058583,TRUE,4,37,2,GO:CC,interchromatin granule,22090,1592,GO:0016604,FALSE
REAC:R-HSA-5656121,0.00388832703358672,TRUE,17,29,3,REAC,Translesion synthesis by POLI,10835,2455,REAC:R-HSA-110313,FALSE
REAC:R-HSA-5655862,0.00388832703358672,TRUE,17,29,3,REAC,Translesion synthesis by POLK,10835,2456,REAC:R-HSA-110313,FALSE
HP:0000058,0.00415710331129869,TRUE,84,15,5,HP,Abnormal labia morphology,4962,53,HP:0000055,FALSE
HP:0001631,0.00428032813765218,TRUE,509,15,9,HP,Atrial septal defect,4962,1184,HP:0005120|HP:0011994,FALSE
GO:0002821,0.00431781359081388,TRUE,126,37,5,GO:BP,positive regulation of adaptive immune response,21010,1345,GO:0002250|GO:0002819|GO:0050778,FALSE
HP:0000059,0.00432005427963398,TRUE,37,15,4,HP,Hypoplastic labia majora,4962,54,HP:0000066|HP:0012881,FALSE
HP:0010490,0.00441966950143702,TRUE,250,15,7,HP,Abnormality of the palmar creases,4962,6944,HP:0001018,FALSE
HP:0011994,0.00449856490181298,TRUE,512,15,9,HP,Abnormal atrial septum morphology,4962,8391,HP:0001671,FALSE
HP:0030791,0.00458523919046395,TRUE,1114,15,12,HP,Abnormal jaw morphology,4962,10882,HP:0011821,FALSE
HP:0001713,0.00459782337213056,TRUE,683,15,10,HP,Abnormal cardiac ventricle morphology,4962,1251,HP:0001627,FALSE
HP:0000372,0.00467366138534642,TRUE,86,15,5,HP,Abnormality of the auditory canal,4962,294,HP:0000356,FALSE
HP:0000812,0.00472643535680178,TRUE,515,15,9,HP,Abnormal internal genitalia,4962,631,HP:0012243,FALSE
HP:0010009,0.00481969976116123,TRUE,38,15,4,HP,Abnormal 1st metacarpal morphology,4962,6479,HP:0005916,FALSE
HP:0002557,0.00481969976116123,TRUE,38,15,4,HP,Hypoplastic nipples,4962,1849,HP:0006709,FALSE
GO:0071921,0.00486722139996753,TRUE,2,37,2,GO:BP,cohesin loading,21010,17809,GO:0022402|GO:0034085|GO:0071168,FALSE
GO:0050864,0.00503507799387754,TRUE,130,37,5,GO:BP,regulation of B cell activation,21010,13977,GO:0042113|GO:0051249,FALSE
HP:0009484,0.00504586977475054,TRUE,519,15,9,HP,Deviation of the hand or of fingers of the hand,4962,6003,HP:0005922,FALSE
HP:0001018,0.00504809314966163,TRUE,255,15,7,HP,Abnormal palmar dermatoglyphics,4962,796,HP:0007477|HP:0040211,FALSE
CORUM:1003,0.00514704072023427,TRUE,8,21,3,CORUM,RC complex (Replication competent complex),3383,539,CORUM:0000000,FALSE
GO:0071168,0.00520282739650151,TRUE,58,37,4,GO:BP,protein localization to chromatin,21010,17273,GO:0034502,FALSE
GO:0010965,0.00520282739650151,TRUE,58,37,4,GO:BP,regulation of mitotic sister chromatid separation,21010,4625,GO:0051306|GO:1905818,FALSE
GO:0016064,0.00522823378287259,TRUE,131,37,5,GO:BP,immunoglobulin mediated immune response,21010,5182,GO:0019724,FALSE
HP:0008850,0.00536096013906679,TRUE,39,15,4,HP,Severe postnatal growth retardation,4962,5556,HP:0008897,FALSE
GO:0000803,0.00540211953364996,TRUE,33,37,3,GO:CC,sex chromosome,22090,103,GO:0005694,FALSE
KEGG:03030,0.00561599172526594,TRUE,36,20,3,KEGG,DNA replication,8161,214,KEGG:00000,FALSE
GO:0019724,0.00584286831599355,TRUE,134,37,5,GO:BP,B cell mediated immunity,21010,6302,GO:0002449|GO:0002460,FALSE
GO:0000018,0.00584286831599355,TRUE,134,37,5,GO:BP,regulation of DNA recombination,21010,7,GO:0006310|GO:0051052,FALSE
HP:0007018,0.00585361763977286,TRUE,382,15,8,HP,Attention deficit hyperactivity disorder,4962,4543,HP:0000736|HP:0000752,FALSE
GO:0002702,0.00605988740624473,TRUE,135,37,5,GO:BP,positive regulation of production of molecular mediator of immune response,21010,1234,GO:0002440|GO:0002699|GO:0002700|GO:0010628,FALSE
GO:0051306,0.00637543284226443,TRUE,61,37,4,GO:BP,mitotic sister chromatid separation,21010,14318,GO:0000070|GO:0051304|GO:1903047,FALSE
GO:0005663,0.00644826786446569,TRUE,5,37,2,GO:CC,DNA replication factor C complex,22090,258,GO:0005657|GO:0032991,FALSE
REAC:R-HSA-69186,0.00648354884203816,TRUE,20,29,3,REAC,Lagging Strand Synthesis,10835,1248,REAC:R-HSA-69190,FALSE
GO:0016605,0.00693873448217937,TRUE,106,37,4,GO:CC,PML body,22090,769,GO:0016604,FALSE
HP:0009658,0.00725647254418631,TRUE,42,15,4,HP,Aplasia/Hypoplasia of the phalanges of the thumb,4962,6163,HP:0009602|HP:0009767,FALSE
HP:0010460,0.00797945191386999,TRUE,548,15,9,HP,Abnormality of the female genitalia,4962,6916,HP:0012243,FALSE
HP:0000776,0.00806448996798471,TRUE,96,15,5,HP,Congenital diaphragmatic hernia,4962,607,HP:0000775|HP:0100790,FALSE
GO:0006303,0.00822983707175848,TRUE,65,37,4,GO:BP,double-strand break repair via nonhomologous end joining,21010,2140,GO:0006302,FALSE
GO:0002705,0.00859772267413942,TRUE,145,37,5,GO:BP,positive regulation of leukocyte mediated immunity,21010,1237,GO:0002443|GO:0002699|GO:0002703,FALSE
GO:0043226,0.00869306564967299,TRUE,16766,37,37,GO:CC,organelle,22090,1882,GO:0110165,FALSE
HP:0012881,0.00876947322825172,TRUE,44,15,4,HP,Abnormal labia majora morphology,4962,9266,HP:0000058,FALSE
TF:M07380_1,0.0088032386405202,TRUE,8209,37,29,TF,Factor: E2F-4; motif: NTTTCSCGCC; match class: 1,20011,1517,TF:M07380,FALSE
GO:0043231,0.00930772587345448,TRUE,14560,37,35,GO:CC,intracellular membrane-bounded organelle,22090,1887,GO:0043227|GO:0043229,FALSE
REAC:R-HSA-73886,0.0101929315681554,TRUE,139,29,5,REAC,Chromosome Maintenance,10835,346,REAC:R-HSA-1640170,FALSE
HP:0000218,0.0103295365223755,TRUE,745,15,10,HP,High palate,4962,184,HP:0000174,FALSE
HP:0001671,0.0103295365223755,TRUE,745,15,10,HP,Abnormal cardiac septum morphology,4962,1217,HP:0001627,FALSE
HP:0009115,0.0103799620367212,TRUE,1198,15,12,HP,Aplasia/hypoplasia involving the skeleton,4962,5666,HP:0011842,FALSE
GO:0099086,0.0104577690721141,TRUE,41,37,3,GO:CC,synaptonemal structure,22090,3350,GO:0000794|GO:0110165,FALSE
GO:0000795,0.0104577690721141,TRUE,41,37,3,GO:CC,synaptonemal complex,22090,98,GO:0099086,FALSE
GO:2000573,0.0130982100184046,TRUE,73,37,4,GO:BP,positive regulation of DNA biosynthetic process,21010,26957,GO:0010557|GO:0051054|GO:0071897|GO:2000278,FALSE
GO:1905818,0.0130982100184046,TRUE,73,37,4,GO:BP,regulation of chromosome separation,21010,25968,GO:0051304|GO:0051983,FALSE
HP:0000498,0.0135656161865489,TRUE,49,15,4,HP,Blepharitis,4962,381,HP:0000492|HP:0100533,FALSE
HP:0005120,0.0136015922090191,TRUE,584,15,9,HP,Abnormal cardiac atrium morphology,4962,3473,HP:0001627,FALSE
REAC:R-HSA-9018519,0.0137792429018794,TRUE,148,29,5,REAC,Estrogen-dependent gene expression,10835,827,REAC:R-HSA-8939211,FALSE
GO:0090307,0.0138292931059391,TRUE,74,37,4,GO:BP,mitotic spindle assembly,21010,19059,GO:0000070|GO:0007052|GO:0051225,FALSE
GO:0010569,0.0138292931059391,TRUE,74,37,4,GO:BP,regulation of double-strand break repair via homologous recombination,21010,4293,GO:0000018|GO:0000724|GO:2000779,FALSE
GO:0017111,0.0144095120214615,TRUE,705,37,8,GO:MF,ribonucleoside triphosphate phosphatase activity,20139,3163,GO:0016462,FALSE
GO:0034421,0.0145854463068144,TRUE,3,37,2,GO:BP,post-translational protein acetylation,21010,9026,GO:0006473|GO:0043687,TRUE
GO:0015630,0.0160343245936195,TRUE,1388,37,10,GO:CC,microtubule cytoskeleton,22090,710,GO:0005856,FALSE
CORUM:5241,0.0166859527145844,TRUE,2,21,2,CORUM,SMC1-SMC3 complex,3383,1609,CORUM:0000000,FALSE
HP:0002553,0.0167632146328355,TRUE,196,15,6,HP,Highly arched eyebrow,4962,1847,HP:0000534,FALSE
HP:0000377,0.0171390669269463,TRUE,1253,15,12,HP,Abnormal pinna morphology,4962,297,HP:0000356,FALSE
HP:0100240,0.017262147750973,TRUE,197,15,6,HP,Synostosis of joints,4962,15757,HP:0001367|HP:0011729,FALSE
HP:0009602,0.0177731070070971,TRUE,198,15,6,HP,Abnormality of thumb phalanx,4962,6119,HP:0001172,FALSE
GO:0019222,0.0178775714359368,TRUE,7295,37,26,GO:BP,regulation of metabolic process,21010,5855,GO:0008152|GO:0050789,FALSE
GO:0032508,0.0179453711615104,TRUE,79,37,4,GO:BP,DNA duplex unwinding,21010,7981,GO:0032392,FALSE
GO:0044772,0.017998780844346,TRUE,447,37,7,GO:BP,mitotic cell cycle phase transition,21010,11749,GO:0044770|GO:1903047,FALSE
GO:0006312,0.0181590235924004,TRUE,25,37,3,GO:BP,mitotic recombination,21010,2149,GO:0006310,FALSE
HP:0030311,0.0185373660523857,TRUE,310,15,7,HP,Lower extremity joint dislocation,4962,10434,HP:0001373,FALSE
GO:0051304,0.01886614808277,TRUE,80,37,4,GO:BP,chromosome separation,21010,14316,GO:0007059|GO:0022402,FALSE
HP:0000356,0.0193970204424665,TRUE,1267,15,12,HP,Abnormality of the outer ear,4962,280,HP:0031703,FALSE
MIRNA:hsa-miR-1911-5p,0.0198362795145403,TRUE,32,32,3,MIRNA,hsa-miR-1911-5p,14846,348,MIRNA:000000,FALSE
HP:0000736,0.0213962787497586,TRUE,454,15,8,HP,Short attention span,4962,573,HP:5200044,FALSE
GO:0016604,0.0214073097895107,TRUE,888,37,8,GO:CC,nuclear body,22090,768,GO:0005654|GO:0110165,FALSE
HP:0006709,0.0216039207948183,TRUE,55,15,4,HP,Aplasia/Hypoplasia of the nipples,4962,4384,HP:0004404,FALSE
TF:M09966,0.0220130973382692,TRUE,2397,37,15,TF,Factor: Kaiso; motif: SARNYCTCGCGAGAN,20011,9124,TF:M00000,FALSE
HP:0000775,0.0222347601533838,TRUE,118,15,5,HP,Abnormality of the diaphragm,4962,606,HP:0011805,FALSE
HPA:0510651,0.0223068578852287,TRUE,4123,27,20,HPA,soft tissue 2; fibroblasts[≥Low],11006,765,HPA:0510000,FALSE
HP:0000453,0.0231704000132522,TRUE,119,15,5,HP,Choanal atresia,4962,343,HP:0000415,FALSE
HPA:0630221,0.0238092541141724,TRUE,5452,27,23,HPA,cervix; squamous epithelial cells[≥Low],11006,205,HPA:0630000,FALSE
HP:5200044,0.0239764643981542,TRUE,461,15,8,HP,Reduced attention regulation,4962,17436,HP:0000708,FALSE
GO:0032392,0.0240017607781966,TRUE,85,37,4,GO:BP,DNA geometric change,21010,7907,GO:0071103,FALSE
HP:0000786,0.0251340219234605,TRUE,121,15,5,HP,Primary amenorrhea,4962,611,HP:0000141,FALSE
HP:0009778,0.0251340219234605,TRUE,121,15,5,HP,Short thumb,4962,6275,HP:0009381|HP:0009601,FALSE
TF:M07206_1,0.0253125771490921,TRUE,11135,37,33,TF,Factor: E2F-1; motif: NGGGCGGGARV; match class: 1,20011,1439,TF:M07206,FALSE
GO:0051984,0.0257707834656094,TRUE,28,37,3,GO:BP,positive regulation of chromosome segregation,21010,14746,GO:0007059|GO:0051983|GO:0090068,FALSE
HP:0000252,0.025813880075476,TRUE,1300,15,12,HP,Microcephaly,4962,211,HP:0007364|HP:0040195,FALSE
HPA:0500652,0.0258214768299794,TRUE,2722,27,16,HPA,soft tissue 1; fibroblasts[≥Medium],11006,756,HPA:0500651,FALSE
GO:0002706,0.0259227453977751,TRUE,182,37,5,GO:BP,regulation of lymphocyte mediated immunity,21010,1238,GO:0002449|GO:0002703,FALSE
GO:0016462,0.0261647564469253,TRUE,767,37,8,GO:MF,pyrophosphatase activity,20139,2820,GO:0016818,FALSE
GO:0016818,0.0264056190553983,TRUE,768,37,8,GO:MF,"hydrolase activity, acting on acid anhydrides, in phosphorus-containing anhydrides",20139,3015,GO:0016817,FALSE
GO:0016817,0.0264056190553983,TRUE,768,37,8,GO:MF,"hydrolase activity, acting on acid anhydrides",20139,3014,GO:0016787,FALSE
HP:5200005,0.026731585375131,TRUE,58,15,4,HP,Abnormal pitch,4962,17405,HP:5200010,FALSE
HP:0001956,0.026731585375131,TRUE,58,15,4,HP,Truncal obesity,4962,1424,HP:0001513,FALSE
REAC:R-HSA-69190,0.0276063663353891,TRUE,32,29,3,REAC,DNA strand elongation,10835,432,REAC:R-HSA-69239,FALSE
HP:0040195,0.0288261053286927,TRUE,1313,15,12,HP,Decreased head circumference,4962,15171,HP:0000240,FALSE
GO:0002822,0.0295406854300545,TRUE,187,37,5,GO:BP,regulation of adaptive immune response based on somatic recombination of immune receptors built from immunoglobulin superfamily domains,21010,1346,GO:0002460|GO:0002819,FALSE
GO:0030071,0.0300995289633689,TRUE,90,37,4,GO:BP,regulation of mitotic metaphase/anaphase transition,21010,6986,GO:0007091|GO:1901990|GO:1902099,FALSE
HPA:0190222,0.0302708715963796,TRUE,5052,27,22,HPA,esophagus; squamous epithelial cells[≥Medium],11006,326,HPA:0190221,FALSE
HP:0000066,0.0306144454897758,TRUE,60,15,4,HP,Labial hypoplasia,4962,61,HP:0000058|HP:0012815,FALSE
HP:0000527,0.0306154263059651,TRUE,126,15,5,HP,Long eyelashes,4962,404,HP:0000499,FALSE
HP:0011821,0.0308332881967611,TRUE,1321,15,12,HP,Abnormal facial skeleton morphology,4962,8221,HP:0000929,FALSE
GO:0002700,0.0310933313106331,TRUE,189,37,5,GO:BP,regulation of production of molecular mediator of immune response,21010,1232,GO:0002440|GO:0002697|GO:0010468,FALSE
HP:0000415,0.0330525868332764,TRUE,128,15,5,HP,Abnormality of the choanae,4962,321,HP:0000366,FALSE
HPA:0050011,0.0337580613996228,TRUE,2780,27,16,HPA,breast; adipocytes[≥Low],11006,55,HPA:0050000,FALSE
GO:1902099,0.0342644227097617,TRUE,93,37,4,GO:BP,regulation of metaphase/anaphase transition of cell cycle,21010,22899,GO:0033045|GO:0044784|GO:1901987,FALSE
GO:0071103,0.0342644227097617,TRUE,93,37,4,GO:BP,DNA conformation change,21010,17261,GO:0051276,FALSE
GO:0007091,0.0357423640345214,TRUE,94,37,4,GO:BP,metaphase/anaphase transition of mitotic cell cycle,21010,2722,GO:0044772|GO:0044784,FALSE
GO:1901990,0.0362940909958243,TRUE,331,37,6,GO:BP,regulation of mitotic cell cycle phase transition,21010,22804,GO:0007346|GO:0044772|GO:1901987,FALSE
HPA:0381213,0.0367629004571028,TRUE,361,27,6,HPA,placenta; syncytiotrophoblasts - cell body[High],11006,532,HPA:0381212,FALSE
GO:2001251,0.0372666200204674,TRUE,95,37,4,GO:BP,negative regulation of chromosome organization,21010,27537,GO:0010639|GO:0033044|GO:0051276,FALSE
GO:0071897,0.0388845302316694,TRUE,198,37,5,GO:BP,DNA biosynthetic process,21010,17793,GO:0006259|GO:0009059|GO:0034654,FALSE
HP:0012815,0.0396058879030945,TRUE,64,15,4,HP,Hypoplastic female external genitalia,4962,9200,HP:0000055|HP:0003241,FALSE
GO:0044784,0.0404577063432402,TRUE,97,37,4,GO:BP,metaphase/anaphase transition of cell cycle,21010,11757,GO:0033045|GO:0044770,FALSE
GO:0033365,0.0425434151461028,TRUE,1182,37,10,GO:BP,protein localization to organelle,21010,8554,GO:0008104,FALSE
GO:0002819,0.0427996838040772,TRUE,202,37,5,GO:BP,regulation of adaptive immune response,21010,1343,GO:0002250|GO:0050776,FALSE
HP:0002020,0.0437464134845375,TRUE,500,15,8,HP,Gastroesophageal reflux,4962,1479,HP:0025270,FALSE
HPA:0270351,0.0440836504987214,TRUE,5158,27,22,HPA,kidney; cells in glomeruli[≥Low],11006,411,HPA:0270000,FALSE
HP:5200010,0.0475228081207159,TRUE,67,15,4,HP,Abnormal Intonation,4962,17410,HP:0031434,FALSE
REAC:R-HSA-597592,0.0498499050289388,TRUE,1419,29,12,REAC,Post-translational protein modification,10835,1695,REAC:R-HSA-392499,FALSE
CORUM:612,0.0498703200771593,TRUE,3,21,2,CORUM,CTF18-CTF8-DCC1 complex,3383,334,CORUM:0000000,FALSE
CORUM:2806,0.0498703200771593,TRUE,3,21,2,CORUM,CTF18-CTF8-DCC1 complex,3383,1209,CORUM:0000000,FALSE
CORUM:278,0.0498703200771593,TRUE,3,21,2,CORUM,RFC core complex,3383,160,CORUM:0000000,FALSE
