HGNC_symbol	Ensembl	Entrez_gene	disgenet_curated	gdascore	HGNC_symbol_source
A1BG	ENSG00000121410	1	CTD_human	0.3	A1BG
ABCA1	ENSG00000165029	19	PSYGENET	0.31	ABCA1
ABCA13	ENSG00000179869	154664	PSYGENET	0.42	ABCA13
ABCB1	ENSG00000085563	5243	PSYGENET	0.5	ABCB1
ACE	ENSG00000159640	1636	PSYGENET	0.4	ACE
ACHE	ENSG00000087085	43	PSYGENET	0.31	ACHE
ACOT6	ENSG00000205669	641372	CTD_human	0.3	ACOT6
ACP1	ENSG00000143727	52	PSYGENET	0.32	ACP1
ACSL6	ENSG00000164398	23305	PSYGENET	0.34	ACSL6
ACSM1	ENSG00000166743	116285	PSYGENET	0.32	ACSM1
ACTB	ENSG00000075624	60	PSYGENET	0.39	ACTB
ACTR2	ENSG00000138071	10097	PSYGENET	0.33	ACTR2
ADAM12	ENSG00000148848	8038	PSYGENET	0.31	ADAM12
ADAMTS12	ENSG00000151388	81792	PSYGENET	0.31	ADAMTS12
ADAMTS3	ENSG00000156140	9508	CTD_human	0.3	ADAMTS3
ADAMTSL3	ENSG00000156218	57188	PSYGENET	0.41	ADAMTSL3
ADARB1	ENSG00000197381	104	PSYGENET	0.32	ADARB1
ADCY7	ENSG00000121281	113	CTD_human	0.3	ADCY7
ADCYAP1	ENSG00000141433	116	PSYGENET	0.4	ADCYAP1
ADCYAP1R1	ENSG00000078549	117	PSYGENET	0.34	ADCYAP1R1
ADGRF4	ENSG00000153294	221393	CTD_human	0.3	ADGRF4
ADK	ENSG00000156110	132	PSYGENET	0.31	ADK
ADM	ENSG00000148926	133	PSYGENET	0.33	ADM
ADNP	ENSG00000101126	23394	PSYGENET	0.36	ADNP
ADNP2	ENSG00000101544	22850	PSYGENET	0.32	ADNP2
ADORA1	ENSG00000163485	134	PSYGENET	0.31	ADORA1
ADORA2A	ENSG00000128271	135	PSYGENET	0.37	ADORA2A
ADRA1A	ENSG00000120907	148	PSYGENET	0.4	ADRA1A
ADRA2A	ENSG00000150594	150	PSYGENET	0.34	ADRA2A
ADSS2	ENSG00000035687	159	PSYGENET	0.31	ADSS2
AGA	ENSG00000038002	175	PSYGENET	0.35	AGA
AGER	ENSG00000204305	177	PSYGENET	0.32	AGER
AHI1	ENSG00000135541	54806	CTD_human	0.4	AHI1
AKR1A1	ENSG00000117448	10327	PSYGENET	0.31	AKR1A1
AKT1	ENSG00000142208	207	CTD_human; GENOMICS_ENGLAND	0.9	AKT1
ALDH1A1	ENSG00000165092	216	PSYGENET	0.32	ALDH1A1
ALDH1A2	ENSG00000128918	8854	PSYGENET	0.42	ALDH1A2
ALDH3A1	ENSG00000108602	218	PSYGENET	0.31	ALDH3A1
ALDH3B1	ENSG00000006534	221	PSYGENET	0.31	ALDH3B1
ALK	ENSG00000171094	238	PSYGENET	0.31	ALK
ALOX12	ENSG00000108839	239	PSYGENET	0.32	ALOX12
ALS2CL	ENSG00000178038	259173	CTD_human	0.3	ALS2CL
AMACR	ENSG00000242110	23600	PSYGENET	0.32	AMACR
AMBRA1	ENSG00000110497	55626	PSYGENET	0.42	AMBRA1
ANK3	ENSG00000151150	288	PSYGENET	0.5	ANK3
ANKK1	ENSG00000170209	255239	PSYGENET	0.4	ANKK1
APBA2	ENSG00000034053	321	PSYGENET	0.31	APBA2
APC	ENSG00000134982	324	PSYGENET	0.31	APC
APOA4	ENSG00000110244	337	CTD_human	0.3	APOA4
APOD	ENSG00000189058	347	PSYGENET	0.35	APOD
APOE	ENSG00000130203	348	CTD_human	0.6	APOE
APOH	ENSG00000091583	350	PSYGENET	0.31	APOH
APOL2	ENSG00000128335	23780	CTD_human	0.41	APOL2
APOL4	ENSG00000100336	80832	CTD_human	0.4	APOL4
AQP4	ENSG00000171885	361	PSYGENET	0.33	AQP4
ARC	ENSG00000198576	23237	PSYGENET	0.37	ARC
ARHGAP1	ENSG00000175220	392	PSYGENET	0.31	ARHGAP1
ARHGAP18	ENSG00000146376	93663	PSYGENET	0.32	ARHGAP18
ARHGAP32	ENSG00000134909	9743	PSYGENET	0.31	ARHGAP32
ARHGEF11	ENSG00000132694	9826	PSYGENET	0.33	ARHGEF11
ARVCF	ENSG00000099889	421	PSYGENET	0.46	ARVCF
ASAH1	ENSG00000104763	427	PSYGENET	0.31	ASAH1
ASTN2	ENSG00000148219	23245	PSYGENET	0.34	ASTN2
ATF4	ENSG00000128272	468	PSYGENET	0.32	ATF4
ATM	ENSG00000149311	472	PSYGENET	0.32	ATM
ATP2A2	ENSG00000174437	488	PSYGENET	0.43	ATP2A2
ATXN2	ENSG00000204842	6311	PSYGENET	0.31	ATXN2
AUTS2	ENSG00000158321	26053	PSYGENET	0.31	AUTS2
AVP	ENSG00000101200	551	CTD_human	0.38	AVP
AVPR1A	ENSG00000166148	552	PSYGENET	0.52	AVPR1A
B3GAT1	ENSG00000109956	27087	PSYGENET	0.33	B3GAT1
B3GAT2	ENSG00000112309	135152	PSYGENET	0.31	B3GAT2
B3GNT2	ENSG00000170340	10678	PSYGENET	0.31	B3GNT2
BACE1	ENSG00000186318	23621	PSYGENET	0.58	BACE1
BAG1	ENSG00000107262	573	PSYGENET	0.36	BAG1
BCL11A	ENSG00000119866	53335	PSYGENET	0.42	BCL11A
BCL2	ENSG00000171791	596	PSYGENET	0.32	BCL2
BCL9	ENSG00000116128	607	PSYGENET	0.43	BCL9
BDNF	ENSG00000176697	627	CTD_human	0.4	BDNF
BECN1	ENSG00000126581	8678	PSYGENET	0.51	BECN1
BHLHE40	ENSG00000134107	8553	PSYGENET	0.3	BHLHE40
BID	ENSG00000015475	637	PSYGENET	0.32	BID
BLOC1S1	ENSG00000135441	2647	PSYGENET	0.3	BLOC1S1
BLOC1S3	ENSG00000189114	388552	PSYGENET	0.32	BLOC1S3
BRAP	ENSG00000089234	8315	PSYGENET	0.31	BRAP
BRCA1	ENSG00000012048	672	PSYGENET	0.31	BRCA1
BRD1	ENSG00000100425	23774	PSYGENET	0.5	BRD1
BTBD9	ENSG00000183826	114781	PSYGENET	0.31	BTBD9
BTC	ENSG00000174808	685	PSYGENET	0.31	BTC
BTG1	ENSG00000133639	694	CTD_human	0.31	BTG1
C1QB	ENSG00000173369	713	PSYGENET	0.31	C1QB
C9orf72	ENSG00000147894	203228	PSYGENET	0.4	C9orf72
CACNA1B	ENSG00000148408	774	PSYGENET	0.42	CACNA1B
CACNA1C	ENSG00000151067	775	PSYGENET	0.5	CACNA1C
CACNA1F	ENSG00000102001	778	PSYGENET	0.31	CACNA1F
CACNB2	ENSG00000165995	783	PSYGENET	0.43	CACNB2
CACNG2	ENSG00000166862	10369	PSYGENET	0.35	CACNG2
CACNG5	ENSG00000075429	27091	PSYGENET	0.32	CACNG5
CACNG8	ENSG00000142408	59283	PSYGENET	0.32	CACNG8
CADPS2	ENSG00000081803	93664	PSYGENET	0.31	CADPS2
CALB1	ENSG00000104327	793	PSYGENET	0.33	CALB1
CALY	ENSG00000130643	50632	PSYGENET	0.31	CALY
CAMK2B	ENSG00000058404	816	CTD_human	0.32	CAMK2B
CAMKK2	ENSG00000110931	10645	PSYGENET	0.36	CAMKK2
CASP3	ENSG00000164305	836	PSYGENET	0.31	CASP3
CASP4	ENSG00000196954	837	CTD_human	0.3	CASP4
CAV1	ENSG00000105974	857	PSYGENET	0.31	CAV1
CBLIF	ENSG00000134812	2694	CTD_human	0.3	CBLIF
CBS	ENSG00000160200	875	PSYGENET	0.31	CBS
CCDC137	ENSG00000185298	339230	CTD_human	0.3	CCDC137
CCDC68	ENSG00000166510	80323	PSYGENET	0.31	CCDC68
CCDC86	ENSG00000110104	79080	PSYGENET	0.31	CCDC86
CCK	ENSG00000187094	885	PSYGENET	0.4	CCK
CCKAR	ENSG00000163394	886	PSYGENET	0.39	CCKAR
CCL2	ENSG00000108691	6347	CTD_human	0.4	CCL2
CCNA2	ENSG00000145386	890	PSYGENET	0.3	CCNA2
CCND1	ENSG00000110092	595	PSYGENET	0.33	CCND1
CCND2	ENSG00000118971	894	PSYGENET	0.31	CCND2
CCR5	ENSG00000160791	1234	PSYGENET	0.33	CCR5
CD163	ENSG00000177575	9332	PSYGENET	0.32	CD163
CDC25C	ENSG00000158402	995	PSYGENET	0.41	CDC25C
CDC42	ENSG00000070831	998	PSYGENET	0.35	CDC42
CDC42EP3	ENSG00000163171	10602	PSYGENET	0.31	CDC42EP3
CDC42SE2	ENSG00000158985	56990	PSYGENET	0.32	CDC42SE2
CDK16	ENSG00000102225	5127	PSYGENET	0.3	CDK16
CDK5	ENSG00000164885	1020	PSYGENET	0.31	CDK5
CDK5R1	ENSG00000176749	8851	PSYGENET	0.31	CDK5R1
CDKN1C	ENSG00000129757	1028	PSYGENET	0.31	CDKN1C
CEACAM21	ENSG00000007129	90273	PSYGENET	0.41	CEACAM21
CELF2	ENSG00000048740	10659	CTD_human	0.3	CELF2
CETN1	ENSG00000177143	1068	PSYGENET	0.3	CETN1
CFAP65	ENSG00000181378	255101	CTD_human	0.3	CFAP65
CGNL1	ENSG00000128849	84952	PSYGENET	0.31	CGNL1
CHAT	ENSG00000070748	1103	PSYGENET	0.33	CHAT
CHD4	ENSG00000111642	1108	CTD_human	0.3	CHD4
CHEK1	ENSG00000149554	1111	PSYGENET	0.31	CHEK1
CHGA	ENSG00000100604	1113	PSYGENET	0.32	CHGA
CHGB	ENSG00000089199	1114	PSYGENET	0.34	CHGB
CHI3L1	ENSG00000133048	1116	CTD_human	0.5	CHI3L1
CHL1	ENSG00000134121	10752	CTD_human	0.36	CHL1
CHRFAM7A	ENSG00000166664	89832	PSYGENET	0.4	CHRFAM7A
CHRM1	ENSG00000168539	1128	PSYGENET	0.4	CHRM1
CHRM2	ENSG00000181072	1129	PSYGENET	0.32	CHRM2
CHRM4	ENSG00000180720	1132	PSYGENET	0.36	CHRM4
CHRM5	ENSG00000184984	1133	PSYGENET	0.31	CHRM5
CHRNA3	ENSG00000080644	1136	PSYGENET	0.42	CHRNA3
CHRNA4	ENSG00000101204	1137	PSYGENET	0.4	CHRNA4
CHRNA5	ENSG00000169684	1138	PSYGENET	0.48	CHRNA5
CHRNA7	ENSG00000175344	1139	PSYGENET	0.7	CHRNA7
CHRNB2	ENSG00000160716	1141	PSYGENET	0.32	CHRNB2
CKB	ENSG00000166165	1152	PSYGENET	0.32	CKB
CLDN5	ENSG00000184113	7122	PSYGENET	0.39	CLDN5
CLOCK	ENSG00000134852	9575	PSYGENET	0.37	CLOCK
CLU	ENSG00000120885	1191	PSYGENET	0.33	CLU
CLVS2	ENSG00000146352	134829	PSYGENET	0.31	CLVS2
CMYA5	ENSG00000164309	202333	PSYGENET	0.37	CMYA5
CNIH3	ENSG00000143786	149111	PSYGENET	0.31	CNIH3
CNNM2	ENSG00000148842	54805	PSYGENET	0.45	CNNM2
CNP	ENSG00000173786	1267	PSYGENET	0.4	CNP
CNPPD1	ENSG00000115649	27013	PSYGENET	0.31	CNPPD1
CNR1	ENSG00000118432	1268	CTD_human	0.6	CNR1
CNR2	ENSG00000188822	1269	PSYGENET	0.34	CNR2
CNTF	ENSG00000242689	1270	PSYGENET	0.39	CNTF
CNTNAP2	ENSG00000174469	26047	CTD_human	0.4	CNTNAP2
COL3A1	ENSG00000168542	1281	CTD_human	0.3	COL3A1
COMT	ENSG00000093010	1312	CTD_human	0.5	COMT
CP	ENSG00000047457	1356	CTD_human	0.3	CP
CPLX1	ENSG00000168993	10815	CTD_human	0.35	CPLX1
CPLX2	ENSG00000145920	10814	CTD_human	0.58	CPLX2
CREB1	ENSG00000118260	1385	PSYGENET	0.37	CREB1
CRH	ENSG00000147571	1392	PSYGENET	0.32	CRH
CRMP1	ENSG00000072832	1400	PSYGENET	0.31	CRMP1
CRP	ENSG00000132693	1401	PSYGENET	0.4	CRP
CSF2	ENSG00000164400	1437	PSYGENET	0.35	CSF2
CSF2RA	ENSG00000198223	1438	PSYGENET	0.34	CSF2RA
CSF2RB	ENSG00000100368	1439	PSYGENET	0.33	CSF2RB
CSMD1	ENSG00000183117	64478	PSYGENET	0.7	CSMD1
CSMD2	ENSG00000121904	114784	PSYGENET	0.32	CSMD2
CSNK1E	ENSG00000213923	1454	PSYGENET	0.32	CSNK1E
CSPG5	ENSG00000114646	10675	PSYGENET	0.31	CSPG5
CTCF	ENSG00000102974	10664	PSYGENET	0.33	CTCF
CTLA4	ENSG00000163599	1493	PSYGENET	0.34	CTLA4
CTNNA2	ENSG00000066032	1496	PSYGENET	0.41	CTNNA2
CTNNB1	ENSG00000168036	1499	PSYGENET	0.36	CTNNB1
CTNND2	ENSG00000169862	1501	PSYGENET	0.32	CTNND2
CTRL	ENSG00000141086	1506	PSYGENET	0.31	CTRL
CTSK	ENSG00000143387	1513	PSYGENET	0.31	CTSK
CTXN3	ENSG00000205279	613212	PSYGENET	0.32	CTXN3
CYFIP1	ENSG00000273749	23191	PSYGENET	0.38	CYFIP1
CYP1A2	ENSG00000140505	1544	PSYGENET	0.4	CYP1A2
CYP2D6	ENSG00000100197	1565	PSYGENET	0.4	CYP2D6
CYP2E1	ENSG00000130649	1571	PSYGENET	0.33	CYP2E1
CYP3A4	ENSG00000160868	1576	PSYGENET	0.34	CYP3A4
CYP3A5	ENSG00000106258	1577	PSYGENET	0.32	CYP3A5
DAAM2	ENSG00000146122	23500	PSYGENET	0.31	DAAM2
DAO	ENSG00000110887	1610	CTD_human	0.4	DAO
DAOA	ENSG00000182346	267012	CTD_human	0.5	DAOA
DAOA-AS1	ENSG00000232307	282706	PSYGENET	0.4	DAOA-AS1
DAZAP1	ENSG00000071626	26528	PSYGENET	0.3	DAZAP1
DBN1	ENSG00000113758	1627	PSYGENET	0.31	DBN1
DCC	ENSG00000187323	1630	PSYGENET	0.43	DCC
DCDC2	ENSG00000146038	51473	PSYGENET	0.31	DCDC2
DCLK1	ENSG00000133083	9201	PSYGENET	0.32	DCLK1
DDO	ENSG00000203797	8528	PSYGENET	0.33	DDO
DDR1	ENSG00000204580	780	PSYGENET	0.43	DDR1
DEL22Q11.2		100188856	PSYGENET	0.3	DEL22Q11.2
DFNB47		449489	PSYGENET	0.3	DFNB47
DGCR2	ENSG00000070413	9993	CTD_human	0.35	DGCR2
DGCR6	ENSG00000183628	8214	PSYGENET	0.33	DGCR6
DGCR8	ENSG00000128191	54487	PSYGENET	0.31	DGCR8
DICER1	ENSG00000100697	23405	PSYGENET	0.32	DICER1
DIO3	ENSG00000197406	1735	PSYGENET	0.31	DIO3
DISC1	ENSG00000162946	27185	CTD_human	0.6	DISC1
DISC2	ENSG00000274121	27184	CTD_human	0.5	DISC2
DIXDC1	ENSG00000150764	85458	CTD_human	0.31	DIXDC1
DKK3	ENSG00000050165	27122	PSYGENET	0.31	DKK3
DKK4	ENSG00000104371	27121	PSYGENET	0.31	DKK4
DLG1	ENSG00000075711	1739	CTD_human	0.39	DLG1
DLG2	ENSG00000150672	1740	PSYGENET	0.46	DLG2
DLG2-AS1		100302690	PSYGENET	0.31	DLG2-AS1
DLG3	ENSG00000082458	1741	PSYGENET	0.36	DLG3
DLG4	ENSG00000132535	1742	PSYGENET	0.4	DLG4
DLGAP1	ENSG00000170579	9229	PSYGENET	0.34	DLGAP1
DLGAP2	ENSG00000198010	9228	PSYGENET	0.32	DLGAP2
DLX1	ENSG00000144355	1745	PSYGENET	0.31	DLX1
DNM1	ENSG00000106976	1759	PSYGENET	0.34	DNM1
DNMT1	ENSG00000130816	1786	PSYGENET	0.4	DNMT1
DNMT3B	ENSG00000088305	1789	PSYGENET	0.32	DNMT3B
DNMT3L	ENSG00000142182	29947	PSYGENET	0.31	DNMT3L
DOCK4	ENSG00000128512	9732	PSYGENET	0.42	DOCK4
DPYD	ENSG00000188641	1806	CTD_human	0.41	DPYD
DRD1	ENSG00000184845	1812	CTD_human	0.4	DRD1
DRD2	ENSG00000149295	1813	CTD_human	0.4	DRD2
DRD3	ENSG00000151577	1814	CTD_human	0.5	DRD3
DRD4	ENSG00000069696	1815	CTD_human	0.4	DRD4
DTNBP1	ENSG00000047579	84062	CTD_human	0.6	DTNBP1
DYM	ENSG00000141627	54808	PSYGENET	0.32	DYM
EDEM2	ENSG00000088298	55741	CTD_human	0.3	EDEM2
EFCAB11	ENSG00000140025	90141	PSYGENET	0.31	EFCAB11
EFNB2	ENSG00000125266	1948	PSYGENET	0.33	EFNB2
EGR2	ENSG00000122877	1959	PSYGENET	0.34	EGR2
EGR3	ENSG00000179388	1960	PSYGENET	0.4	EGR3
EGR4	ENSG00000135625	1961	PSYGENET	0.33	EGR4
EIF2S1	ENSG00000134001	1965	PSYGENET	0.31	EIF2S1
EIF5	ENSG00000100664	1983	CTD_human	0.3	EIF5
ELAVL2	ENSG00000107105	1993	PSYGENET	0.33	ELAVL2
EML5	ENSG00000165521	161436	PSYGENET	0.41	EML5
EMX2	ENSG00000170370	2018	PSYGENET	0.31	EMX2
EN1	ENSG00000163064	2019	PSYGENET	0.31	EN1
EN2	ENSG00000164778	2020	PSYGENET	0.31	EN2
ENO2	ENSG00000111674	2026	PSYGENET	0.32	ENO2
EPHX2	ENSG00000120915	2053	CTD_human	0.32	EPHX2
ERBB3	ENSG00000065361	2065	PSYGENET	0.39	ERBB3
ERBB4	ENSG00000178568	2066	PSYGENET	0.4	ERBB4
ERVK-8		619465	PSYGENET	0.31	ERVK-8
ERVW-1	ENSG00000242950	30816	PSYGENET	0.37	ERVW-1
ERVW-4		100616496	PSYGENET	0.3	ERVW-4
ESAM	ENSG00000149564	90952	CTD_human	0.3	ESAM
ESR1	ENSG00000091831	2099	PSYGENET	0.4	ESR1
ESR2	ENSG00000140009	2100	PSYGENET	0.43	ESR2
ESS2	ENSG00000100056	8220	PSYGENET	0.32	ESS2
ETNPPL	ENSG00000164089	64850	PSYGENET	0.32	ETNPPL
F2	ENSG00000180210	2147	CTD_human	0.4	F2
FABP5	ENSG00000164687	2171	PSYGENET	0.32	FABP5
FABP7	ENSG00000164434	2173	PSYGENET	0.36	FABP7
FADS2	ENSG00000134824	9415	PSYGENET	0.31	FADS2
FAM3D	ENSG00000198643	131177	CTD_human	0.3	FAM3D
FAS	ENSG00000026103	355	PSYGENET	0.31	FAS
FASTKD5	ENSG00000215251	60493	CTD_human	0.3	FASTKD5
FBP1	ENSG00000165140	2203	PSYGENET	0.31	FBP1
FBXL21P	ENSG00000164616	26223	PSYGENET	0.31	FBXL21P
FBXO45	ENSG00000174013	200933	PSYGENET	0.31	FBXO45
FEZ1	ENSG00000149557	9638	PSYGENET	0.5	FEZ1
FGF2	ENSG00000138685	2247	PSYGENET	0.31	FGF2
FGFR1	ENSG00000077782	2260	CTD_human	0.42	FGFR1
FGFR2	ENSG00000066468	2263	PSYGENET	0.32	FGFR2
FMR1	ENSG00000102081	2332	PSYGENET	0.4	FMR1
FOLH1	ENSG00000086205	2346	PSYGENET	0.32	FOLH1
FOXP2	ENSG00000128573	93986	PSYGENET	0.5	FOXP2
FRA7G		2414	PSYGENET	0.31	FRA7G
FSTL1	ENSG00000163430	11167	PSYGENET	0.31	FSTL1
FUT8	ENSG00000033170	2530	PSYGENET	0.31	FUT8
FXYD1	ENSG00000266964	5348	PSYGENET	0.31	FXYD1
FXYD6	ENSG00000137726	53826	PSYGENET	0.35	FXYD6
FYN	ENSG00000010810	2534	PSYGENET	0.45	FYN
FZD3	ENSG00000104290	7976	PSYGENET	0.4	FZD3
GABARAP	ENSG00000170296	11337	PSYGENET	0.31	GABARAP
GABBR1	ENSG00000204681	2550	PSYGENET	0.46	GABBR1
GABRA1	ENSG00000022355	2554	PSYGENET	0.35	GABRA1
GABRA4	ENSG00000109158	2557	PSYGENET	0.3	GABRA4
GABRA5	ENSG00000186297	2558	PSYGENET	0.31	GABRA5
GABRA6	ENSG00000145863	2559	CTD_human	0.32	GABRA6
GABRB1	ENSG00000163288	2560	PSYGENET	0.32	GABRB1
GABRB2	ENSG00000145864	2561	CTD_human	0.4	GABRB2
GABRB3	ENSG00000166206	2562	PSYGENET	0.37	GABRB3
GABRD	ENSG00000187730	2563	CTD_human	0.3	GABRD
GABRG2	ENSG00000113327	2566	PSYGENET	0.34	GABRG2
GABRQ	ENSG00000268089	55879	GENOMICS_ENGLAND	0.31	GABRQ
GABRR1	ENSG00000146276	2569	PSYGENET	0.31	GABRR1
GAD1	ENSG00000128683	2571	CTD_human	0.4	GAD1
GAD2	ENSG00000136750	2572	CTD_human	0.38	GAD2
GAP43	ENSG00000172020	2596	PSYGENET	0.35	GAP43
GC	ENSG00000145321	2638	CTD_human	0.32	GC
GCH1	ENSG00000131979	2643	PSYGENET	0.32	GCH1
GCLC	ENSG00000001084	2729	PSYGENET	0.32	GCLC
GDNF	ENSG00000168621	2668	PSYGENET	0.4	GDNF
GFAP	ENSG00000131095	2670	PSYGENET	0.39	GFAP
GFRA1	ENSG00000151892	2674	PSYGENET	0.31	GFRA1
GFRA3	ENSG00000146013	2676	PSYGENET	0.31	GFRA3
GJA8	ENSG00000121634	2703	PSYGENET	0.41	GJA8
GLO1	ENSG00000124767	2739	PSYGENET	0.33	GLO1
GLUL	ENSG00000135821	2752	PSYGENET	0.4	GLUL
GNAL	ENSG00000141404	2774	PSYGENET	0.33	GNAL
GNAO1	ENSG00000087258	2775	PSYGENET	0.39	GNAO1
GNAS	ENSG00000087460	2778	PSYGENET	0.51	GNAS
GNB1L	ENSG00000185838	54584	PSYGENET	0.35	GNB1L
GNB3	ENSG00000111664	2784	PSYGENET	0.32	GNB3
GNPAT	ENSG00000116906	8443	PSYGENET	0.31	GNPAT
GPM6A	ENSG00000150625	2823	PSYGENET	0.42	GPM6A
GPR153	ENSG00000158292	387509	CTD_human	0.3	GPR153
GPR50	ENSG00000102195	9248	PSYGENET	0.31	GPR50
GPR78	ENSG00000155269	27201	PSYGENET	0.31	GPR78
GPS1	ENSG00000169727	2873	PSYGENET	0.31	GPS1
GRB10	ENSG00000106070	2887	PSYGENET	0.31	GRB10
GRB2	ENSG00000177885	2885	PSYGENET	0.32	GRB2
GRIA1	ENSG00000155511	2890	PSYGENET	0.5	GRIA1
GRIA2	ENSG00000120251	2891	PSYGENET	0.36	GRIA2
GRIA3	ENSG00000125675	2892	PSYGENET	0.32	GRIA3
GRIA4	ENSG00000152578	2893	PSYGENET	0.35	GRIA4
GRID1	ENSG00000182771	2894	PSYGENET	0.36	GRID1
GRIK1	ENSG00000171189	2897	PSYGENET	0.36	GRIK1
GRIK2	ENSG00000164418	2898	CTD_human	0.35	GRIK2
GRIK3	ENSG00000163873	2899	PSYGENET	0.37	GRIK3
GRIK4	ENSG00000149403	2900	PSYGENET	0.35	GRIK4
GRIK5	ENSG00000105737	2901	CTD_human	0.31	GRIK5
GRIN2A	ENSG00000183454	2903	PSYGENET	0.4	GRIN2A
GRIN2B	ENSG00000273079	2904	CTD_human	0.7	GRIN2B
GRIN2C	ENSG00000161509	2905	PSYGENET	0.34	GRIN2C
GRIN2D	ENSG00000105464	2906	CTD_human	0.34	GRIN2D
GRIN3A	ENSG00000198785	116443	PSYGENET	0.34	GRIN3A
GRK6	ENSG00000198055	2870	PSYGENET	0.31	GRK6
GRM1	ENSG00000152822	2911	PSYGENET	0.36	GRM1
GRM2	ENSG00000164082	2912	CTD_human	0.4	GRM2
GRM3	ENSG00000198822	2913	CTD_human	0.5	GRM3
GRM4	ENSG00000124493	2914	PSYGENET	0.32	GRM4
GRM5	ENSG00000168959	2915	PSYGENET	0.6	GRM5
GRM7	ENSG00000196277	2917	PSYGENET	0.4	GRM7
GRM8	ENSG00000179603	2918	PSYGENET	0.36	GRM8
GRN	ENSG00000030582	2896	PSYGENET	0.33	GRN
GSK3A	ENSG00000105723	2931	CTD_human	0.32	GSK3A
GSK3B	ENSG00000082701	2932	CTD_human	0.6	GSK3B
GSN	ENSG00000148180	2934	PSYGENET	0.32	GSN
GSTA1	ENSG00000243955	2938	PSYGENET	0.32	GSTA1
GSTM1	ENSG00000134184	2944	PSYGENET	0.39	GSTM1
GSTM2	ENSG00000213366	2946	PSYGENET	0.33	GSTM2
GSTP1	ENSG00000084207	2950	PSYGENET	0.36	GSTP1
GSTT1	ENSG00000277656	2952	PSYGENET	0.38	GSTT1
GSTT2	ENSG00000099984	2953	PSYGENET	0.31	GSTT2
H1-4	ENSG00000168298	3008	PSYGENET	0.31	H1-4
H1-5	ENSG00000184357	3009	PSYGENET	0.31	H1-5
H2AX	ENSG00000188486	3014	PSYGENET	0.31	H2AX
HAGH	ENSG00000063854	3029	PSYGENET	0.31	HAGH
HCAR2	ENSG00000182782	338442	CTD_human	0.31	HCAR2
HCAR3	ENSG00000255398	8843	PSYGENET	0.32	HCAR3
HCRTR1	ENSG00000121764	3061	PSYGENET	0.32	HCRTR1
HDAC1	ENSG00000116478	3065	PSYGENET	0.36	HDAC1
HDAC2	ENSG00000196591	3066	PSYGENET	0.36	HDAC2
HDAC3	ENSG00000171720	8841	PSYGENET	0.36	HDAC3
HDAC4	ENSG00000068024	9759	PSYGENET	0.33	HDAC4
HDAC9	ENSG00000048052	9734	PSYGENET	0.32	HDAC9
HHAT	ENSG00000054392	55733	PSYGENET	0.41	HHAT
HINT1	ENSG00000169567	3094	CTD_human	0.37	HINT1
HK1	ENSG00000156515	3098	PSYGENET	0.34	HK1
HLA-A	ENSG00000206503	3105	PSYGENET	0.47	HLA-A
HLA-B	ENSG00000234745	3106	PSYGENET	0.43	HLA-B
HLA-C	ENSG00000204525	3107	PSYGENET	0.38	HLA-C
HLA-DQB1	ENSG00000179344	3119	PSYGENET	0.48	HLA-DQB1
HLA-DRB1	ENSG00000196126	3123	CTD_human	0.5	HLA-DRB1
HLA-E	ENSG00000204592	3133	PSYGENET	0.3	HLA-E
HLA-J	ENSG00000204622	3137	PSYGENET	0.31	HLA-J
HMGA1	ENSG00000137309	3159	PSYGENET	0.31	HMGA1
HMOX1	ENSG00000100292	3162	PSYGENET	0.35	HMOX1
HNRNPA3	ENSG00000170144	220988	CTD_human	0.31	HNRNPA3
HNRNPA3P1	ENSG00000226790	10151	PSYGENET	0.31	HNRNPA3P1
HOMER1	ENSG00000152413	9456	PSYGENET	0.4	HOMER1
HOMER2	ENSG00000103942	9455	PSYGENET	0.31	HOMER2
HP	ENSG00000257017	3240	CTD_human	0.35	HP
HPGDS	ENSG00000163106	27306	PSYGENET	0.39	HPGDS
HPS4	ENSG00000100099	89781	PSYGENET	0.32	HPS4
HRH1	ENSG00000196639	3269	CTD_human	0.31	HRH1
HSPA12A	ENSG00000165868	259217	PSYGENET	0.31	HSPA12A
HSPA1A	ENSG00000204389	3303	PSYGENET	0.38	HSPA1A
HSPA1B	ENSG00000204388	3304	PSYGENET	0.36	HSPA1B
HSPA1L	ENSG00000204390	3305	PSYGENET	0.34	HSPA1L
HSPA9	ENSG00000113013	3313	PSYGENET	0.32	HSPA9
HTR1A	ENSG00000178394	3350	PSYGENET	0.4	HTR1A
HTR1F	ENSG00000179097	3355	PSYGENET	0.37	HTR1F
HTR2A	ENSG00000102468	3356	CTD_human	0.7	HTR2A
HTR2C	ENSG00000147246	3358	PSYGENET	0.4	HTR2C
HTR3A	ENSG00000166736	3359	PSYGENET	0.38	HTR3A
HTR3B	ENSG00000149305	9177	PSYGENET	0.35	HTR3B
HTR3D	ENSG00000186090	200909	PSYGENET	0.3	HTR3D
HTR3E	ENSG00000186038	285242	PSYGENET	0.32	HTR3E
HTR4	ENSG00000164270	3360	PSYGENET	0.35	HTR4
HTR5A	ENSG00000157219	3361	PSYGENET	0.36	HTR5A
HTR6	ENSG00000158748	3362	CTD_human	0.4	HTR6
HTR7	ENSG00000148680	3363	CTD_human	0.37	HTR7
ICAM1	ENSG00000090339	3383	PSYGENET	0.33	ICAM1
IDE	ENSG00000119912	3416	PSYGENET	0.31	IDE
IFNG	ENSG00000111537	3458	PSYGENET	0.4	IFNG
IFNL3	ENSG00000197110	282617	PSYGENET	0.31	IFNL3
IGF2	ENSG00000167244	3481	PSYGENET	0.32	IGF2
IGF2BP2	ENSG00000073792	10644	PSYGENET	0.31	IGF2BP2
IL10	ENSG00000136634	3586	PSYGENET	0.4	IL10
IL10RA	ENSG00000110324	3587	PSYGENET	0.33	IL10RA
IL12B	ENSG00000113302	3593	PSYGENET	0.31	IL12B
IL17C	ENSG00000124391	27189	PSYGENET	0.31	IL17C
IL18	ENSG00000150782	3606	PSYGENET	0.36	IL18
IL18R1	ENSG00000115604	8809	PSYGENET	0.32	IL18R1
IL19	ENSG00000142224	29949	PSYGENET	0.31	IL19
IL1B	ENSG00000125538	3553	CTD_human	0.4	IL1B
IL2	ENSG00000109471	3558	PSYGENET	0.4	IL2
IL2RA	ENSG00000134460	3559	CTD_human	0.32	IL2RA
IL2RG	ENSG00000147168	3561	PSYGENET	0.31	IL2RG
IL3	ENSG00000164399	3562	PSYGENET	0.38	IL3
IL3RA	ENSG00000185291	3563	PSYGENET	0.33	IL3RA
IL4	ENSG00000113520	3565	PSYGENET	0.4	IL4
IL6	ENSG00000136244	3569	CTD_human	0.4	IL6
IL6R	ENSG00000160712	3570	CTD_human	0.34	IL6R
IMPA2	ENSG00000141401	3613	PSYGENET	0.32	IMPA2
INPP5A	ENSG00000068383	3632	CTD_human	0.3	INPP5A
IPO5	ENSG00000065150	3843	PSYGENET	0.34	IPO5
ITGA8	ENSG00000077943	8516	PSYGENET	0.31	ITGA8
ITGAM	ENSG00000169896	3684	PSYGENET	0.3	ITGAM
ITGB3	ENSG00000259207	3690	PSYGENET	0.31	ITGB3
ITIH1	ENSG00000055957	3697	PSYGENET	0.42	ITIH1
ITIH3	ENSG00000162267	3699	PSYGENET	0.44	ITIH3
JAG1	ENSG00000101384	182	PSYGENET	0.31	JAG1
JAG2	ENSG00000184916	3714	PSYGENET	0.31	JAG2
JARID2	ENSG00000008083	3720	PSYGENET	0.31	JARID2
JUN	ENSG00000177606	3725	PSYGENET	0.33	JUN
KAT8	ENSG00000103510	84148	PSYGENET	0.31	KAT8
KCNB1	ENSG00000158445	3745	CTD_human	0.31	KCNB1
KCNH2	ENSG00000055118	3757	PSYGENET	0.37	KCNH2
KCNH6	ENSG00000173826	81033	PSYGENET	0.3	KCNH6
KCNJ3	ENSG00000162989	3760	PSYGENET	0.31	KCNJ3
KCNN3	ENSG00000143603	3782	PSYGENET	0.4	KCNN3
KCNQ2	ENSG00000075043	3785	PSYGENET	0.33	KCNQ2
KCNQ3	ENSG00000184156	3786	PSYGENET	0.31	KCNQ3
KCNS3	ENSG00000170745	3790	PSYGENET	0.32	KCNS3
KCTD12	ENSG00000178695	115207	PSYGENET	0.3	KCTD12
KDM2B	ENSG00000089094	84678	CTD_human	0.3	KDM2B
KDR	ENSG00000128052	3791	CTD_human	0.31	KDR
KIF17	ENSG00000117245	57576	PSYGENET	0.34	KIF17
KIF2A	ENSG00000068796	3796	PSYGENET	0.31	KIF2A
KLF12	ENSG00000118922	11278	CTD_human	0.4	KLF12
KLF5	ENSG00000102554	688	PSYGENET	0.31	KLF5
KMO	ENSG00000117009	8564	PSYGENET	0.6	KMO
KMT2A	ENSG00000118058	4297	PSYGENET	0.33	KMT2A
KPNA1	ENSG00000114030	3836	CTD_human	0.3	KPNA1
KPNA3	ENSG00000102753	3839	PSYGENET	0.33	KPNA3
KREMEN1	ENSG00000183762	83999	PSYGENET	0.31	KREMEN1
LAMA1	ENSG00000101680	284217	CTD_human	0.3	LAMA1
LAMA2	ENSG00000196569	3908	CTD_human	0.3	LAMA2
LARS2	ENSG00000011376	23395	PSYGENET	0.31	LARS2
LASP1	ENSG00000002834	3927	PSYGENET	0.32	LASP1
LCN2	ENSG00000148346	3934	PSYGENET	0.31	LCN2
LEP	ENSG00000174697	3952	PSYGENET	0.4	LEP
LHX6	ENSG00000106852	26468	PSYGENET	0.33	LHX6
LIFR	ENSG00000113594	3977	PSYGENET	0.31	LIFR
LILRB1	ENSG00000104972	10859	PSYGENET	0.32	LILRB1
LINC00271	ENSG00000231028	100131814	PSYGENET	0.33	LINC00271
LMAN2L	ENSG00000114988	81562	PSYGENET	0.31	LMAN2L
LMOD2	ENSG00000170807	442721	PSYGENET	0.3	LMOD2
LMX1A	ENSG00000162761	4009	PSYGENET	0.32	LMX1A
LMX1B	ENSG00000136944	4010	PSYGENET	0.32	LMX1B
LPAR1	ENSG00000198121	1902	PSYGENET	0.3	LPAR1
LPL	ENSG00000175445	4023	PSYGENET	0.32	LPL
LRP1	ENSG00000123384	4035	CTD_human	0.31	LRP1
LRP2	ENSG00000081479	4036	PSYGENET	0.32	LRP2
LRP8	ENSG00000157193	7804	PSYGENET	0.32	LRP8
LRRTM1	ENSG00000162951	347730	PSYGENET	0.54	LRRTM1
LSAMP	ENSG00000185565	4045	PSYGENET	0.32	LSAMP
LTA	ENSG00000226979	4049	PSYGENET	0.35	LTA
LYRM4	ENSG00000214113	57128	PSYGENET	0.32	LYRM4
MAD1L1	ENSG00000002822	8379	PSYGENET	0.44	MAD1L1
MAG	ENSG00000105695	4099	PSYGENET	0.4	MAG
MAGEC1	ENSG00000155495	9947	CTD_human	0.3	MAGEC1
MAGI1	ENSG00000151276	9223	PSYGENET	0.31	MAGI1
MAGI2	ENSG00000187391	9863	PSYGENET; CTD_human	0.85	MAGI2
MAOA	ENSG00000189221	4128	PSYGENET	0.4	MAOA
MAOB	ENSG00000069535	4129	CTD_human	0.4	MAOB
MAP2K7	ENSG00000076984	5609	PSYGENET	0.54	MAP2K7
MAP6	ENSG00000171533	4135	PSYGENET	0.57	MAP6
MAPK1	ENSG00000100030	5594	PSYGENET	0.34	MAPK1
MAPK14	ENSG00000112062	1432	PSYGENET	0.33	MAPK14
MAPK3	ENSG00000102882	5595	PSYGENET	0.34	MAPK3
MAPK8	ENSG00000107643	5599	PSYGENET	0.31	MAPK8
MARK2	ENSG00000072518	2011	PSYGENET	0.4	MARK2
MBD2	ENSG00000134046	8932	PSYGENET	0.32	MBD2
MBNL1	ENSG00000152601	4154	PSYGENET	0.31	MBNL1
MBP	ENSG00000197971	4155	PSYGENET	0.58	MBP
MC5R	ENSG00000176136	4161	PSYGENET	0.31	MC5R
MCAT	ENSG00000100294	27349	PSYGENET	0.31	MCAT
MCHR1	ENSG00000128285	2847	PSYGENET	0.34	MCHR1
MCHR2	ENSG00000152034	84539	PSYGENET	0.31	MCHR2
MCTP2	ENSG00000140563	55784	PSYGENET	0.31	MCTP2
MDGA1	ENSG00000112139	266727	PSYGENET	0.33	MDGA1
MDH1	ENSG00000014641	4190	PSYGENET	0.32	MDH1
MDK	ENSG00000110492	4192	PSYGENET	0.62	MDK
ME2	ENSG00000082212	4200	PSYGENET	0.31	ME2
MED12	ENSG00000184634	9968	PSYGENET	0.49	MED12
MED15	ENSG00000099917	51586	PSYGENET	0.32	MED15
MEGF10	ENSG00000145794	84466	PSYGENET	0.41	MEGF10
MET	ENSG00000105976	4233	CTD_human	0.35	MET
MICB	ENSG00000204516	4277	PSYGENET	0.32	MICB
MIR107	ENSG00000198997	406901	PSYGENET	0.31	MIR107
MIR137	ENSG00000284202	406928	CTD_human	0.4	MIR137
MIR137HG	ENSG00000225206	400765	PSYGENET	0.46	MIR137HG
MIR17	ENSG00000284536	406952	PSYGENET	0.32	MIR17
MIR185	ENSG00000208023	406961	PSYGENET	0.31	MIR185
MIR206	ENSG00000207604	406989	PSYGENET	0.33	MIR206
MIR219A2	ENSG00000284185	407003	PSYGENET	0.3	MIR219A2
MIR2682	ENSG00000284247	100616452	PSYGENET	0.31	MIR2682
MIR30E	ENSG00000198974	407034	PSYGENET	0.34	MIR30E
MIR326	ENSG00000199090	442900	PSYGENET	0.31	MIR326
MIR328	ENSG00000207948	442901	PSYGENET	0.3	MIR328
MIR346	ENSG00000199104	442911	PSYGENET	0.35	MIR346
MIR382	ENSG00000283170	494331	PSYGENET	0.31	MIR382
MIR432	ENSG00000272458	574451	PSYGENET	0.32	MIR432
MIR497	ENSG00000284027	574456	PSYGENET	0.31	MIR497
MLC1	ENSG00000100427	23209	PSYGENET	0.39	MLC1
MMP3	ENSG00000149968	4314	PSYGENET	0.31	MMP3
MMP9	ENSG00000100985	4318	PSYGENET	0.4	MMP9
MOG	ENSG00000204655	4340	PSYGENET	0.37	MOG
MPZL1	ENSG00000197965	9019	PSYGENET	0.31	MPZL1
MSRA	ENSG00000175806	4482	PSYGENET	0.43	MSRA
MSRB1	ENSG00000198736	51734	PSYGENET	0.31	MSRB1
MSS51	ENSG00000166343	118490	PSYGENET	0.31	MSS51
MTHFD1	ENSG00000100714	4522	PSYGENET	0.32	MTHFD1
MTHFR	ENSG00000177000	4524	CTD_human	0.5	MTHFR
MTNR1A	ENSG00000168412	4543	PSYGENET	0.32	MTNR1A
MTOR	ENSG00000198793	2475	CTD_human	0.53	MTOR
MTR	ENSG00000116984	4548	PSYGENET	0.31	MTR
MYO16	ENSG00000041515	23026	PSYGENET	0.31	MYO16
MYO5B	ENSG00000167306	4645	PSYGENET	0.31	MYO5B
MYO9B	ENSG00000099331	4650	PSYGENET	0.33	MYO9B
MYT1L	ENSG00000186487	23040	PSYGENET	0.34	MYT1L
NAV1	ENSG00000134369	89796	PSYGENET	0.31	NAV1
NCAM1	ENSG00000149294	4684	PSYGENET	0.5	NCAM1
NCAN	ENSG00000130287	1463	PSYGENET	0.35	NCAN
NCS1	ENSG00000107130	23413	PSYGENET	0.34	NCS1
ND4	ENSG00000198886	4538	CTD_human	0.3	ND4
NDE1	ENSG00000072864	54820	PSYGENET	0.47	NDE1
NDEL1	ENSG00000166579	81565	PSYGENET	0.4	NDEL1
NDP	ENSG00000124479	4693	PSYGENET	0.31	NDP
NDST3	ENSG00000164100	9348	PSYGENET	0.34	NDST3
NDUFS1	ENSG00000023228	4719	PSYGENET	0.32	NDUFS1
NDUFV1	ENSG00000167792	4723	PSYGENET	0.31	NDUFV1
NDUFV2	ENSG00000178127	4729	CTD_human	0.39	NDUFV2
NEFL	ENSG00000277586	4747	PSYGENET	0.35	NEFL
NEUROG1	ENSG00000181965	4762	PSYGENET	0.32	NEUROG1
NFASC	ENSG00000163531	23114	PSYGENET	0.31	NFASC
NGFR	ENSG00000064300	4804	PSYGENET	0.32	NGFR
NKAPL	ENSG00000189134	222698	CTD_human	0.43	NKAPL
NLGN1	ENSG00000169760	22871	PSYGENET	0.42	NLGN1
NLGN2	ENSG00000169992	57555	PSYGENET	0.54	NLGN2
NNMT	ENSG00000166741	4837	PSYGENET	0.32	NNMT
NOS1	ENSG00000089250	4842	CTD_human	0.7	NOS1
NOS1AP	ENSG00000198929	9722	PSYGENET	0.5	NOS1AP
NOTCH4	ENSG00000204301	4855	PSYGENET	0.5	NOTCH4
NPAS1	ENSG00000130751	4861	PSYGENET	0.31	NPAS1
NPAS2	ENSG00000170485	4862	PSYGENET	0.32	NPAS2
NPAS3	ENSG00000151322	64067	PSYGENET	0.4	NPAS3
NPAS4	ENSG00000174576	266743	PSYGENET	0.32	NPAS4
NPRL2	ENSG00000114388	10641	CTD_human	0.3	NPRL2
NPS	ENSG00000214285	594857	PSYGENET	0.32	NPS
NPSR1	ENSG00000187258	387129	PSYGENET	0.33	NPSR1
NPTN	ENSG00000156642	27020	PSYGENET	0.32	NPTN
NPY	ENSG00000122585	4852	PSYGENET	0.4	NPY
NPY1R	ENSG00000164128	4886	PSYGENET	0.32	NPY1R
NQO2	ENSG00000124588	4835	PSYGENET	0.32	NQO2
NR2E1	ENSG00000112333	7101	PSYGENET	0.32	NR2E1
NR3C1	ENSG00000113580	2908	CTD_human	0.4	NR3C1
NR4A2	ENSG00000153234	4929	PSYGENET	0.6	NR4A2
NRG1	ENSG00000157168	3084	CTD_human	0.5	NRG1
NRG3	ENSG00000185737	10718	CTD_human	0.6	NRG3
NRGN	ENSG00000154146	4900	CTD_human	0.5	NRGN
NRIP1	ENSG00000180530	8204	CTD_human	0.3	NRIP1
NRN1	ENSG00000124785	51299	PSYGENET	0.34	NRN1
NRXN1	ENSG00000179915	9378	CTD_human	0.7	NRXN1
NRXN2	ENSG00000110076	9379	PSYGENET	0.31	NRXN2
NRXN3	ENSG00000021645	9369	PSYGENET	0.33	NRXN3
NTF3	ENSG00000185652	4908	CTD_human	0.4	NTF3
NTNG1	ENSG00000162631	22854	CTD_human	0.37	NTNG1
NTNG2	ENSG00000196358	84628	CTD_human	0.35	NTNG2
NTRK1	ENSG00000198400	4914	CTD_human	0.36	NTRK1
NTRK2	ENSG00000148053	4915	PSYGENET	0.38	NTRK2
NTRK3	ENSG00000140538	4916	PSYGENET	0.44	NTRK3
NTS	ENSG00000133636	4922	PSYGENET	0.37	NTS
NTSR1	ENSG00000101188	4923	CTD_human	0.32	NTSR1
NUFIP2	ENSG00000108256	57532	PSYGENET	0.36	NUFIP2
NUMBL	ENSG00000105245	9253	PSYGENET	0.31	NUMBL
OFCC1	ENSG00000181355	266553	PSYGENET	0.31	OFCC1
OLIG2	ENSG00000205927	10215	PSYGENET	0.4	OLIG2
OPA1	ENSG00000198836	4976	PSYGENET	0.33	OPA1
OPCML	ENSG00000183715	4978	PSYGENET	0.43	OPCML
OPRM1	ENSG00000112038	4988	PSYGENET	0.36	OPRM1
OR4C46	ENSG00000185926	119749	CTD_human	0.3	OR4C46
OXSR1	ENSG00000172939	9943	PSYGENET	0.31	OXSR1
OXT	ENSG00000101405	5020	PSYGENET	0.33	OXT
OXTR	ENSG00000180914	5021	CTD_human	0.39	OXTR
PAFAH1B1	ENSG00000007168	5048	PSYGENET	0.33	PAFAH1B1
PAG1	ENSG00000076641	55824	CTD_human	0.31	PAG1
PAH	ENSG00000171759	5053	PSYGENET	0.37	PAH
PAK2	ENSG00000180370	5062	CTD_human	0.32	PAK2
PANK2	ENSG00000125779	80025	PSYGENET	0.31	PANK2
PAWR	ENSG00000177425	5074	PSYGENET	0.32	PAWR
PAX6	ENSG00000007372	5080	PSYGENET	0.33	PAX6
PBRM1	ENSG00000163939	55193	PSYGENET	0.44	PBRM1
PCDH17	ENSG00000118946	27253	PSYGENET	0.41	PCDH17
PCDH8	ENSG00000136099	5100	PSYGENET	0.31	PCDH8
PCK1	ENSG00000124253	5105	PSYGENET	0.31	PCK1
PCM1	ENSG00000078674	5108	CTD_human	0.38	PCM1
PCNT	ENSG00000160299	5116	PSYGENET	0.36	PCNT
PDE4A	ENSG00000065989	5141	PSYGENET	0.35	PDE4A
PDE4B	ENSG00000184588	5142	CTD_human	0.5	PDE4B
PDE4D	ENSG00000113448	5144	PSYGENET	0.42	PDE4D
PDE7B	ENSG00000171408	27115	PSYGENET	0.34	PDE7B
PDGFRB	ENSG00000113721	5159	PSYGENET	0.32	PDGFRB
PDIK1L	ENSG00000175087	149420	PSYGENET	0.31	PDIK1L
PDLIM5	ENSG00000163110	10611	PSYGENET	0.38	PDLIM5
PDYN	ENSG00000101327	5173	PSYGENET	0.33	PDYN
PDZK1	ENSG00000174827	5174	PSYGENET	0.31	PDZK1
PEMT	ENSG00000133027	10400	PSYGENET	0.32	PEMT
PGBD1	ENSG00000137338	84547	CTD_human	0.43	PGBD1
PHB	ENSG00000167085	5245	CTD_human	0.31	PHB
PHOX2B	ENSG00000109132	8929	PSYGENET	0.33	PHOX2B
PI4K2B	ENSG00000038210	55300	PSYGENET	0.31	PI4K2B
PI4KA	ENSG00000241973	5297	PSYGENET	0.33	PI4KA
PICK1	ENSG00000100151	9463	PSYGENET	0.36	PICK1
PIK3C3	ENSG00000078142	5289	PSYGENET	0.35	PIK3C3
PIK3CA	ENSG00000121879	5290	PSYGENET	0.38	PIK3CA
PIK3CB	ENSG00000051382	5291	CTD_human	0.37	PIK3CB
PINK1	ENSG00000158828	65018	PSYGENET	0.34	PINK1
PIP4K2A	ENSG00000150867	5305	PSYGENET	0.4	PIP4K2A
PIP4K2C	ENSG00000166908	79837	PSYGENET	0.36	PIP4K2C
PITPNM1	ENSG00000110697	9600	CTD_human	0.3	PITPNM1
PITX3	ENSG00000107859	5309	PSYGENET	0.32	PITX3
PKNOX2	ENSG00000165495	63876	PSYGENET	0.31	PKNOX2
PLA2G1B	ENSG00000170890	5319	PSYGENET	0.4	PLA2G1B
PLA2G4A	ENSG00000116711	5321	PSYGENET	0.4	PLA2G4A
PLA2G4B	ENSG00000243708	100137049	PSYGENET	0.31	PLA2G4B
PLA2G4C	ENSG00000105499	8605	PSYGENET	0.33	PLA2G4C
PLA2G6	ENSG00000184381	8398	PSYGENET	0.4	PLA2G6
PLAA	ENSG00000137055	9373	PSYGENET	0.41	PLAA
PLAT	ENSG00000104368	5327	PSYGENET	0.32	PLAT
PLCB1	ENSG00000182621	23236	CTD_human	0.54	PLCB1
PLCL2	ENSG00000154822	23228	CTD_human	0.4	PLCL2
PLEKHA6	ENSG00000143850	22874	PSYGENET	0.31	PLEKHA6
PLG	ENSG00000122194	5340	PSYGENET	0.32	PLG
PLLP	ENSG00000102934	51090	PSYGENET	0.3	PLLP
PLP1	ENSG00000123560	5354	PSYGENET	0.35	PLP1
PLSCR4	ENSG00000114698	57088	PSYGENET	0.31	PLSCR4
PLXNA2	ENSG00000076356	5362	CTD_human	0.37	PLXNA2
PML	ENSG00000140464	5371	CTD_human	0.3	PML
PMP2	ENSG00000147588	5375	PSYGENET	0.31	PMP2
PNPO	ENSG00000108439	55163	PSYGENET	0.31	PNPO
PON1	ENSG00000005421	5444	PSYGENET	0.35	PON1
PPARA	ENSG00000186951	5465	PSYGENET	0.35	PPARA
PPARGC1A	ENSG00000109819	10891	PSYGENET	0.33	PPARGC1A
PPIA	ENSG00000196262	5478	PSYGENET	0.31	PPIA
PPP1R1B	ENSG00000131771	84152	PSYGENET	0.6	PPP1R1B
PPP1R9B	ENSG00000108819	84687	PSYGENET	0.33	PPP1R9B
PPP3CC	ENSG00000120910	5533	PSYGENET	0.4	PPP3CC
PPP3R1	ENSG00000221823	5534	PSYGENET	0.63	PPP3R1
PRDX6	ENSG00000117592	9588	PSYGENET	0.32	PRDX6
PRKCA	ENSG00000154229	5578	PSYGENET	0.32	PRKCA
PRL	ENSG00000172179	5617	PSYGENET	0.4	PRL
PRODH	ENSG00000100033	5625	CTD_human	0.5	PRODH
PRODH2	ENSG00000250799	58510	PSYGENET	0.32	PRODH2
PRSS16	ENSG00000112812	10279	PSYGENET	0.32	PRSS16
PSAT1	ENSG00000135069	29968	PSYGENET	0.31	PSAT1
PSD	ENSG00000059915	5662	PSYGENET	0.4	PSD
PSD3	ENSG00000156011	23362	PSYGENET	0.41	PSD3
PSEN2	ENSG00000143801	5664	PSYGENET	0.34	PSEN2
PTGER3	ENSG00000050628	5733	PSYGENET	0.31	PTGER3
PTGS1	ENSG00000095303	5742	PSYGENET	0.33	PTGS1
PTGS2	ENSG00000073756	5743	PSYGENET	0.55	PTGS2
PTPN1	ENSG00000196396	5770	PSYGENET	0.32	PTPN1
PTPN21	ENSG00000070778	11099	PSYGENET	0.31	PTPN21
PTPN5	ENSG00000110786	84867	PSYGENET	0.34	PTPN5
PTPN6	ENSG00000111679	5777	PSYGENET	0.31	PTPN6
PTPRA	ENSG00000132670	5786	PSYGENET	0.32	PTPRA
PTPRZ1	ENSG00000106278	5803	PSYGENET	0.34	PTPRZ1
PVALB	ENSG00000100362	5816	CTD_human	0.4	PVALB
QKI	ENSG00000112531	9444	PSYGENET	0.37	QKI
R3HDML	ENSG00000101074	140902	PSYGENET	0.31	R3HDML
RAI1	ENSG00000108557	10743	PSYGENET	0.42	RAI1
RANBP9	ENSG00000010017	10048	PSYGENET	0.32	RANBP9
RAPGEF6	ENSG00000158987	51735	PSYGENET	0.33	RAPGEF6
RARA	ENSG00000131759	5914	PSYGENET	0.33	RARA
RASD2	ENSG00000100302	23551	PSYGENET	0.32	RASD2
RB1CC1	ENSG00000023287	9821	CTD_human	0.31	RB1CC1
RBP1	ENSG00000114115	5947	PSYGENET	0.31	RBP1
RCBTB1	ENSG00000136144	55213	PSYGENET	0.33	RCBTB1
RELA	ENSG00000173039	5970	PSYGENET	0.31	RELA
RELN	ENSG00000189056	5649	CTD_human	0.7	RELN
REST	ENSG00000084093	5978	PSYGENET	0.32	REST
RETREG2	ENSG00000144567	79137	PSYGENET	0.31	RETREG2
RGS12	ENSG00000159788	6002	CTD_human	0.3	RGS12
RGS2	ENSG00000116741	5997	PSYGENET	0.32	RGS2
RGS5	ENSG00000143248	8490	PSYGENET	0.31	RGS5
RGS9	ENSG00000108370	8787	CTD_human	0.33	RGS9
RHD	ENSG00000187010	6007	PSYGENET	0.33	RHD
RIMS2	ENSG00000176406	9699	PSYGENET	0.31	RIMS2
RIMS3	ENSG00000117016	9783	PSYGENET	0.31	RIMS3
RNANC		54719	PSYGENET	0.3	RNANC
RTKN2	ENSG00000182010	219790	PSYGENET	0.41	RTKN2
RTN4	ENSG00000115310	57142	CTD_human	0.4	RTN4
RTN4R	ENSG00000040608	65078	UNIPROT; CTD_human	0.67	RTN4R
S100A9	ENSG00000163220	6280	PSYGENET	0.31	S100A9
S100B	ENSG00000160307	6285	PSYGENET	0.4	S100B
SAP30BP	ENSG00000161526	29115	CTD_human	0.3	SAP30BP
SBNO1	ENSG00000139697	55206	CTD_human	0.3	SBNO1
SBNO2	ENSG00000064932	22904	PSYGENET	0.31	SBNO2
SDCCAG8	ENSG00000054282	10806	PSYGENET	0.41	SDCCAG8
SDF4	ENSG00000078808	51150	CTD_human	0.3	SDF4
SDHA	ENSG00000073578	6389	PSYGENET	0.31	SDHA
SELENBP1	ENSG00000143416	8991	CTD_human	0.35	SELENBP1
SEMA3A	ENSG00000075213	10371	PSYGENET	0.32	SEMA3A
SEMA3D	ENSG00000153993	223117	PSYGENET	0.31	SEMA3D
SEPTIN11	ENSG00000138758	55752	PSYGENET	0.3	SEPTIN11
SEPTIN7	ENSG00000122545	989	PSYGENET	0.31	SEPTIN7
SERPINI1	ENSG00000163536	5274	PSYGENET	0.31	SERPINI1
SETD1A	ENSG00000099381	9739	GENOMICS_ENGLAND; PSYGENET	0.65	SETD1A
SETDB1	ENSG00000143379	9869	PSYGENET	0.31	SETDB1
SH3PXD2A	ENSG00000107957	9644	PSYGENET	0.31	SH3PXD2A
SHANK1	ENSG00000161681	50944	PSYGENET	0.32	SHANK1
SHANK3	ENSG00000251322	85358	CTD_human	0.7	SHANK3
SHMT1	ENSG00000176974	6470	PSYGENET	0.31	SHMT1
SIGMAR1	ENSG00000147955	10280	PSYGENET	0.36	SIGMAR1
SIRPB1	ENSG00000101307	10326	PSYGENET	0.34	SIRPB1
SIRT1	ENSG00000096717	23411	PSYGENET	0.33	SIRT1
SLC12A2	ENSG00000064651	6558	PSYGENET	0.37	SLC12A2
SLC12A5	ENSG00000124140	57468	PSYGENET	0.37	SLC12A5
SLC17A6	ENSG00000091664	57084	PSYGENET	0.35	SLC17A6
SLC17A7	ENSG00000104888	57030	PSYGENET	0.4	SLC17A7
SLC18A1	ENSG00000036565	6570	PSYGENET	0.37	SLC18A1
SLC18A2	ENSG00000165646	6571	PSYGENET	0.4	SLC18A2
SLC1A1	ENSG00000106688	6505	CTD_human	0.5	SLC1A1
SLC1A2	ENSG00000110436	6506	PSYGENET	0.4	SLC1A2
SLC1A3	ENSG00000079215	6507	PSYGENET	0.37	SLC1A3
SLC1A6	ENSG00000105143	6511	PSYGENET	0.33	SLC1A6
SLC23A3	ENSG00000213901	151295	PSYGENET	0.3	SLC23A3
SLC25A27	ENSG00000153291	9481	PSYGENET	0.32	SLC25A27
SLC26A7	ENSG00000147606	115111	CTD_human	0.3	SLC26A7
SLC26A8	ENSG00000112053	116369	CTD_human	0.3	SLC26A8
SLC30A3	ENSG00000115194	7781	PSYGENET	0.32	SLC30A3
SLC38A2	ENSG00000134294	54407	PSYGENET	0.31	SLC38A2
SLC6A1	ENSG00000157103	6529	CTD_human	0.54	SLC6A1
SLC6A11	ENSG00000132164	6538	PSYGENET	0.31	SLC6A11
SLC6A12	ENSG00000111181	6539	PSYGENET	0.33	SLC6A12
SLC6A2	ENSG00000103546	6530	PSYGENET	0.35	SLC6A2
SLC6A3	ENSG00000142319	6531	CTD_human	0.6	SLC6A3
SLC6A4	ENSG00000108576	6532	CTD_human	0.4	SLC6A4
SLC6A5	ENSG00000165970	9152	PSYGENET	0.32	SLC6A5
SLC6A9	ENSG00000196517	6536	PSYGENET	0.4	SLC6A9
SLC7A10	ENSG00000130876	56301	PSYGENET	0.32	SLC7A10
SLIT3	ENSG00000184347	6586	PSYGENET	0.31	SLIT3
SMAD5	ENSG00000113658	4090	PSYGENET	0.32	SMAD5
SMARCA2	ENSG00000080503	6595	PSYGENET	0.35	SMARCA2
SNAP29	ENSG00000099940	9342	PSYGENET	0.32	SNAP29
SNCB	ENSG00000074317	6620	PSYGENET	0.31	SNCB
SNORD103C		692200	PSYGENET	0.31	SNORD103C
SNX31	ENSG00000174226	169166	PSYGENET	0.31	SNX31
SOCS2	ENSG00000120833	8835	PSYGENET	0.3	SOCS2
SOD2	ENSG00000291237	6648	PSYGENET	0.4	SOD2
SOX10	ENSG00000100146	6663	PSYGENET	0.38	SOX10
SOX5	ENSG00000134532	6660	PSYGENET	0.41	SOX5
SP1	ENSG00000185591	6667	PSYGENET	0.35	SP1
SP4	ENSG00000105866	6671	CTD_human	0.66	SP4
SPATA5	ENSG00000145375	166378	CTD_human	0.3	SPATA5
SPTBN2	ENSG00000173898	6712	PSYGENET	0.31	SPTBN2
SRD5A2	ENSG00000277893	6716	PSYGENET	0.31	SRD5A2
SREBF1	ENSG00000072310	6720	PSYGENET	0.36	SREBF1
SREBF2	ENSG00000198911	6721	PSYGENET	0.34	SREBF2
SRGAP3	ENSG00000196220	9901	PSYGENET	0.5	SRGAP3
SRR	ENSG00000167720	63826	PSYGENET	0.7	SRR
SRSF1	ENSG00000136450	6426	CTD_human	0.32	SRSF1
SRSF10	ENSG00000188529	10772	PSYGENET	0.31	SRSF10
SST	ENSG00000157005	6750	PSYGENET	0.4	SST
ST3GAL1	ENSG00000008513	6482	PSYGENET	0.3	ST3GAL1
ST6GALNAC1	ENSG00000070526	55808	PSYGENET	0.31	ST6GALNAC1
ST8SIA2	ENSG00000140557	8128	PSYGENET	0.4	ST8SIA2
STH	ENSG00000256762	246744	PSYGENET	0.32	STH
STON2	ENSG00000140022	85439	PSYGENET	0.32	STON2
STX1A	ENSG00000106089	6804	PSYGENET	0.32	STX1A
STXBP1	ENSG00000136854	6812	PSYGENET	0.31	STXBP1
SULT4A1	ENSG00000130540	25830	PSYGENET	0.35	SULT4A1
SV2A	ENSG00000159164	9900	PSYGENET	0.31	SV2A
SYN1	ENSG00000008056	6853	PSYGENET	0.32	SYN1
SYN2	ENSG00000157152	6854	CTD_human	0.49	SYN2
SYN3	ENSG00000185666	8224	PSYGENET	0.4	SYN3
SYNGAP1	ENSG00000197283	8831	PSYGENET	0.63	SYNGAP1
SYNGR1	ENSG00000100321	9145	PSYGENET	0.35	SYNGR1
SYP	ENSG00000102003	6855	CTD_human	0.37	SYP
SYT11	ENSG00000132718	23208	PSYGENET	0.32	SYT11
TAAR1	ENSG00000146399	134864	PSYGENET	0.57	TAAR1
TAC1	ENSG00000006128	6863	CTD_human	0.31	TAC1
TACR3	ENSG00000169836	6870	PSYGENET	0.32	TACR3
TAP1	ENSG00000168394	6890	PSYGENET	0.31	TAP1
TAP2	ENSG00000204267	6891	PSYGENET	0.32	TAP2
TAPBP	ENSG00000231925	6892	PSYGENET	0.31	TAPBP
TBP	ENSG00000112592	6908	PSYGENET	0.33	TBP
TBX1	ENSG00000184058	6899	PSYGENET	0.5	TBX1
TCF4	ENSG00000196628	6925	PSYGENET	0.7	TCF4
TCF7L2	ENSG00000148737	6934	PSYGENET	0.46	TCF7L2
TDO2	ENSG00000151790	6999	PSYGENET	0.32	TDO2
TEKT5	ENSG00000153060	146279	CTD_human	0.3	TEKT5
TENM4	ENSG00000149256	26011	PSYGENET	0.42	TENM4
TET1	ENSG00000138336	80312	PSYGENET	0.34	TET1
TF	ENSG00000091513	7018	PSYGENET	0.34	TF
TGFB1	ENSG00000105329	7040	PSYGENET	0.34	TGFB1
TGM2	ENSG00000198959	7052	PSYGENET	0.33	TGM2
THBS1	ENSG00000137801	7057	CTD_human	0.31	THBS1
TLR2	ENSG00000137462	7097	PSYGENET	0.31	TLR2
TLR3	ENSG00000164342	7098	PSYGENET	0.33	TLR3
TLR4	ENSG00000136869	7099	PSYGENET	0.38	TLR4
TMEM245	ENSG00000106771	23731	PSYGENET	0.41	TMEM245
TMSB10	ENSG00000034510	9168	PSYGENET	0.31	TMSB10
TNF	ENSG00000232810	7124	CTD_human	0.4	TNF
TNFRSF1A	ENSG00000067182	7132	PSYGENET	0.34	TNFRSF1A
TNFRSF1B	ENSG00000028137	7133	PSYGENET	0.33	TNFRSF1B
TNFSF13	ENSG00000161955	8741	PSYGENET	0.31	TNFSF13
TNIK	ENSG00000154310	23043	PSYGENET	0.42	TNIK
TNXB	ENSG00000168477	7148	PSYGENET	0.43	TNXB
TOP3B	ENSG00000100038	8940	PSYGENET	0.32	TOP3B
TP53	ENSG00000141510	7157	CTD_human	0.39	TP53
TPH1	ENSG00000129167	7166	CTD_human	0.4	TPH1
TPH2	ENSG00000139287	121278	PSYGENET	0.4	TPH2
TPI1	ENSG00000111669	7167	PSYGENET	0.31	TPI1
TPT1	ENSG00000133112	7178	PSYGENET	0.31	TPT1
TRAK1	ENSG00000182606	22906	CTD_human	0.3	TRAK1
TREM1	ENSG00000124731	54210	PSYGENET	0.32	TREM1
TRMT2A	ENSG00000099899	27037	PSYGENET	0.31	TRMT2A
TRPM1	ENSG00000134160	4308	PSYGENET	0.31	TRPM1
TRRAP	ENSG00000196367	8295	CTD_human	0.32	TRRAP
TSNARE1	ENSG00000171045	203062	PSYGENET	0.44	TSNARE1
TSNAX-DISC1	ENSG00000270106	100303453	PSYGENET	0.32	TSNAX-DISC1
TSPAN18	ENSG00000157570	90139	CTD_human	0.45	TSPAN18
TSPAN8	ENSG00000127324	7103	PSYGENET	0.31	TSPAN8
TXNDC5	ENSG00000239264	81567	PSYGENET	0.31	TXNDC5
TYR	ENSG00000077498	7299	PSYGENET	0.34	TYR
UCP2	ENSG00000175567	7351	PSYGENET	0.32	UCP2
UFD1	ENSG00000070010	7353	PSYGENET	0.43	UFD1
UGT1A3	ENSG00000288702	54659	CTD_human	0.3	UGT1A3
UHMK1	ENSG00000152332	127933	PSYGENET	0.35	UHMK1
ULK4	ENSG00000168038	54986	PSYGENET	0.33	ULK4
UNC5C	ENSG00000182168	8633	PSYGENET	0.3	UNC5C
VIP	ENSG00000146469	7432	PSYGENET	0.33	VIP
VIPR2	ENSG00000106018	7434	CTD_human	0.39	VIPR2
VLDLR	ENSG00000147852	7436	PSYGENET	0.32	VLDLR
VPS35	ENSG00000069329	55737	CTD_human	0.4	VPS35
VPS39	ENSG00000166887	23339	CTD_human	0.31	VPS39
VRK2	ENSG00000028116	7444	PSYGENET	0.48	VRK2
VSNL1	ENSG00000163032	7447	PSYGENET	0.33	VSNL1
WDR11	ENSG00000120008	55717	CTD_human	0.31	WDR11
WNK3	ENSG00000196632	65267	PSYGENET	0.31	WNK3
XBP1	ENSG00000100219	7494	PSYGENET	0.36	XBP1
XRCC1	ENSG00000073050	7515	PSYGENET	0.33	XRCC1
XRCC4	ENSG00000152422	7518	PSYGENET	0.31	XRCC4
YWHAE	ENSG00000108953	7531	PSYGENET	0.45	YWHAE
YWHAZP5	ENSG00000213260	86123	PSYGENET	0.31	YWHAZP5
ZDHHC8	ENSG00000099904	29801	PSYGENET	0.6	ZDHHC8
ZIC2	ENSG00000043355	7546	PSYGENET	0.52	ZIC2
ZKSCAN4	ENSG00000187626	387032	CTD_human	0.42	ZKSCAN4
ZNF480	ENSG00000198464	147657	CTD_human	0.3	ZNF480
ZNF530	ENSG00000183647	348327	CTD_human	0.3	ZNF530
ZNF565	ENSG00000196357	147929	CTD_human	0.3	ZNF565
ZNF74	ENSG00000185252	7625	PSYGENET	0.32	ZNF74
ZNF804A	ENSG00000170396	91752	CTD_human	0.5	ZNF804A
ZSCAN31	ENSG00000235109	64288	PSYGENET	0.41	ZSCAN31
